,DateTime,Count,Holiday,Temp,Hum,Month,Year,Day,DayofWeek,2,3,4,5,6,7,8,9,10,11,12,Monday,Saturday,Sunday,Thursday,Tuesday,Wednesday
0,2011-01-01,985,0,0.34416666666666673,0.8058333333333335,1,2011,1,Saturday,0,0,0,0,0,0,0,0,0,0,0,0,1,0,0,0,0
1,2011-01-02,801,0,0.36347826086956525,0.6960869565217392,1,2011,2,Sunday,0,0,0,0,0,0,0,0,0,0,0,0,0,1,0,0,0
2,2011-01-03,1349,0,0.19636363636363632,0.43727272727272726,1,2011,3,Monday,0,0,0,0,0,0,0,0,0,0,0,1,0,0,0,0,0
3,2011-01-04,1562,0,0.19999999999999998,0.5904347826086958,1,2011,4,Tuesday,0,0,0,0,0,0,0,0,0,0,0,0,0,0,0,1,0
4,2011-01-05,1600,0,0.22695652173913042,0.4369565217391305,1,2011,5,Wednesday,0,0,0,0,0,0,0,0,0,0,0,0,0,0,0,0,1
5,2011-01-06,1606,0,0.20434782608695654,0.5182608695652174,1,2011,6,Thursday,0,0,0,0,0,0,0,0,0,0,0,0,0,0,1,0,0
6,2011-01-07,1510,0,0.19652173913043483,0.4986956521739131,1,2011,7,Friday,0,0,0,0,0,0,0,0,0,0,0,0,0,0,0,0,0
7,2011-01-08,959,0,0.16500000000000006,0.5358333333333333,1,2011,8,Saturday,0,0,0,0,0,0,0,0,0,0,0,0,1,0,0,0,0
8,2011-01-09,822,0,0.1383333333333334,0.4341666666666668,1,2011,9,Sunday,0,0,0,0,0,0,0,0,0,0,0,0,0,1,0,0,0
9,2011-01-10,1321,0,0.1508333333333334,0.4829166666666667,1,2011,10,Monday,0,0,0,0,0,0,0,0,0,0,0,1,0,0,0,0,0
10,2011-01-11,1263,0,0.16909090909090915,0.6863636363636362,1,2011,11,Tuesday,0,0,0,0,0,0,0,0,0,0,0,0,0,0,0,1,0
11,2011-01-12,1162,0,0.17272727272727278,0.5995454545454547,1,2011,12,Wednesday,0,0,0,0,0,0,0,0,0,0,0,0,0,0,0,0,1
12,2011-01-13,1406,0,0.16500000000000006,0.47041666666666687,1,2011,13,Thursday,0,0,0,0,0,0,0,0,0,0,0,0,0,0,1,0,0
13,2011-01-14,1421,0,0.16086956521739135,0.5378260869565218,1,2011,14,Friday,0,0,0,0,0,0,0,0,0,0,0,0,0,0,0,0,0
14,2011-01-15,1248,0,0.2333333333333333,0.49874999999999997,1,2011,15,Saturday,0,0,0,0,0,0,0,0,0,0,0,0,1,0,0,0,0
15,2011-01-16,1204,0,0.2316666666666667,0.4837500000000001,1,2011,16,Sunday,0,0,0,0,0,0,0,0,0,0,0,0,0,1,0,0,0
16,2011-01-17,1000,1,0.1758333333333334,0.5375,1,2011,17,Monday,0,0,0,0,0,0,0,0,0,0,0,1,0,0,0,0,0
17,2011-01-18,683,0,0.2166666666666667,0.8616666666666667,1,2011,18,Tuesday,0,0,0,0,0,0,0,0,0,0,0,0,0,0,0,1,0
18,2011-01-19,1650,0,0.2921739130434783,0.7417391304347823,1,2011,19,Wednesday,0,0,0,0,0,0,0,0,0,0,0,0,0,0,0,0,1
19,2011-01-20,1927,0,0.26166666666666666,0.5383333333333334,1,2011,20,Thursday,0,0,0,0,0,0,0,0,0,0,0,0,0,0,1,0,0
20,2011-01-21,1543,0,0.17750000000000002,0.45708333333333345,1,2011,21,Friday,0,0,0,0,0,0,0,0,0,0,0,0,0,0,0,0,0
21,2011-01-22,981,0,0.0591304347826087,0.39999999999999997,1,2011,22,Saturday,0,0,0,0,0,0,0,0,0,0,0,0,1,0,0,0,0
22,2011-01-23,986,0,0.0965217391304348,0.43652173913043485,1,2011,23,Sunday,0,0,0,0,0,0,0,0,0,0,0,0,0,1,0,0,0
23,2011-01-24,1416,0,0.09739130434782611,0.49173913043478273,1,2011,24,Monday,0,0,0,0,0,0,0,0,0,0,0,1,0,0,0,0,0
24,2011-01-25,1985,0,0.22347826086956515,0.6169565217391305,1,2011,25,Tuesday,0,0,0,0,0,0,0,0,0,0,0,0,0,0,0,1,0
25,2011-01-26,506,0,0.21750000000000005,0.8624999999999998,1,2011,26,Wednesday,0,0,0,0,0,0,0,0,0,0,0,0,0,0,0,0,1
26,2011-01-27,431,0,0.19499999999999998,0.6875,1,2011,27,Thursday,0,0,0,0,0,0,0,0,0,0,0,0,0,0,1,0,0
27,2011-01-28,1167,0,0.20347826086956528,0.7930434782608696,1,2011,28,Friday,0,0,0,0,0,0,0,0,0,0,0,0,0,0,0,0,0
28,2011-01-29,1098,0,0.1965217391304348,0.6517391304347825,1,2011,29,Saturday,0,0,0,0,0,0,0,0,0,0,0,0,1,0,0,0,0
29,2011-01-30,1096,0,0.21652173913043476,0.7221739130434782,1,2011,30,Sunday,0,0,0,0,0,0,0,0,0,0,0,0,0,1,0,0,0
30,2011-01-31,1501,0,0.18083333333333337,0.60375,1,2011,31,Monday,0,0,0,0,0,0,0,0,0,0,0,1,0,0,0,0,0
31,2011-02-01,1360,0,0.1921739130434783,0.8295652173913044,2,2011,1,Tuesday,1,0,0,0,0,0,0,0,0,0,0,0,0,0,0,1,0
32,2011-02-02,1526,0,0.26,0.7754166666666666,2,2011,2,Wednesday,1,0,0,0,0,0,0,0,0,0,0,0,0,0,0,0,1
33,2011-02-03,1550,0,0.1869565217391305,0.4378260869565219,2,2011,3,Thursday,1,0,0,0,0,0,0,0,0,0,0,0,0,0,1,0,0
34,2011-02-04,1708,0,0.211304347826087,0.5852173913043478,2,2011,4,Friday,1,0,0,0,0,0,0,0,0,0,0,0,0,0,0,0,0
35,2011-02-05,1005,0,0.23333333333333336,0.9291666666666667,2,2011,5,Saturday,1,0,0,0,0,0,0,0,0,0,0,0,1,0,0,0,0
36,2011-02-06,1623,0,0.28583333333333333,0.5683333333333335,2,2011,6,Sunday,1,0,0,0,0,0,0,0,0,0,0,0,0,1,0,0,0
37,2011-02-07,1712,0,0.27166666666666667,0.7383333333333332,2,2011,7,Monday,1,0,0,0,0,0,0,0,0,0,0,1,0,0,0,0,0
38,2011-02-08,1530,0,0.2208333333333334,0.5379166666666667,2,2011,8,Tuesday,1,0,0,0,0,0,0,0,0,0,0,0,0,0,0,1,0
39,2011-02-09,1605,0,0.1347826086956522,0.4947826086956522,2,2011,9,Wednesday,1,0,0,0,0,0,0,0,0,0,0,0,0,0,0,0,1
40,2011-02-10,1538,0,0.14434782608695657,0.437391304347826,2,2011,10,Thursday,1,0,0,0,0,0,0,0,0,0,0,0,0,0,1,0,0
41,2011-02-11,1746,0,0.1890909090909091,0.5063636363636363,2,2011,11,Friday,1,0,0,0,0,0,0,0,0,0,0,0,0,0,0,0,0
42,2011-02-12,1472,0,0.22249999999999995,0.5441666666666667,2,2011,12,Saturday,1,0,0,0,0,0,0,0,0,0,0,0,1,0,0,0,0
43,2011-02-13,1589,0,0.31652173913043485,0.45739130434782593,2,2011,13,Sunday,1,0,0,0,0,0,0,0,0,0,0,0,0,1,0,0,0
44,2011-02-14,1913,0,0.415,0.3758333333333334,2,2011,14,Monday,1,0,0,0,0,0,0,0,0,0,0,1,0,0,0,0,0
45,2011-02-15,1815,0,0.26608695652173914,0.31434782608695655,2,2011,15,Tuesday,1,0,0,0,0,0,0,0,0,0,0,0,0,0,0,1,0
46,2011-02-16,2115,0,0.3182608695652174,0.42347826086956525,2,2011,16,Wednesday,1,0,0,0,0,0,0,0,0,0,0,0,0,0,0,0,1
47,2011-02-17,2475,0,0.43583333333333335,0.505,2,2011,17,Thursday,1,0,0,0,0,0,0,0,0,0,0,0,0,0,1,0,0
48,2011-02-18,2927,0,0.5216666666666666,0.5166666666666665,2,2011,18,Friday,1,0,0,0,0,0,0,0,0,0,0,0,0,0,0,0,0
49,2011-02-19,1635,0,0.3991666666666667,0.18791666666666665,2,2011,19,Saturday,1,0,0,0,0,0,0,0,0,0,0,0,1,0,0,0,0
50,2011-02-20,1812,0,0.28521739130434776,0.40782608695652167,2,2011,20,Sunday,1,0,0,0,0,0,0,0,0,0,0,0,0,1,0,0,0
51,2011-02-21,1107,1,0.3033333333333334,0.6049999999999999,2,2011,21,Monday,1,0,0,0,0,0,0,0,0,0,0,1,0,0,0,0,0
52,2011-02-22,1450,0,0.18222222222222229,0.577777777777778,2,2011,22,Tuesday,1,0,0,0,0,0,0,0,0,0,0,0,0,0,0,1,0
53,2011-02-23,1917,0,0.2217391304347826,0.4230434782608697,2,2011,23,Wednesday,1,0,0,0,0,0,0,0,0,0,0,0,0,0,0,0,1
54,2011-02-24,1807,0,0.29565217391304344,0.6973913043478259,2,2011,24,Thursday,1,0,0,0,0,0,0,0,0,0,0,0,0,0,1,0,0
55,2011-02-25,1461,0,0.36434782608695654,0.7121739130434782,2,2011,25,Friday,1,0,0,0,0,0,0,0,0,0,0,0,0,0,0,0,0
56,2011-02-26,1969,0,0.28250000000000003,0.5379166666666667,2,2011,26,Saturday,1,0,0,0,0,0,0,0,0,0,0,0,1,0,0,0,0
57,2011-02-27,2402,0,0.3434782608695653,0.6799999999999998,2,2011,27,Sunday,1,0,0,0,0,0,0,0,0,0,0,0,0,1,0,0,0
58,2011-02-28,1446,0,0.4072727272727273,0.8763636363636362,2,2011,28,Monday,1,0,0,0,0,0,0,0,0,0,0,1,0,0,0,0,0
59,2011-03-01,1851,0,0.26666666666666666,0.5349999999999999,3,2011,1,Tuesday,0,1,0,0,0,0,0,0,0,0,0,0,0,0,0,1,0
60,2011-03-02,2134,0,0.335,0.4495833333333333,3,2011,2,Wednesday,0,1,0,0,0,0,0,0,0,0,0,0,0,0,0,0,1
61,2011-03-03,1685,0,0.19833333333333336,0.3183333333333334,3,2011,3,Thursday,0,1,0,0,0,0,0,0,0,0,0,0,0,0,1,0,0
62,2011-03-04,1944,0,0.2616666666666666,0.6104166666666666,3,2011,4,Friday,0,1,0,0,0,0,0,0,0,0,0,0,0,0,0,0,0
63,2011-03-05,2077,0,0.3841666666666666,0.7891666666666666,3,2011,5,Saturday,0,1,0,0,0,0,0,0,0,0,0,0,1,0,0,0,0
64,2011-03-06,605,0,0.37652173913043485,0.9482608695652174,3,2011,6,Sunday,0,1,0,0,0,0,0,0,0,0,0,0,0,1,0,0,0
65,2011-03-07,1872,0,0.26173913043478253,0.551304347826087,3,2011,7,Monday,0,1,0,0,0,0,0,0,0,0,0,1,0,0,0,0,0
66,2011-03-08,2133,0,0.2925,0.42083333333333334,3,2011,8,Tuesday,0,1,0,0,0,0,0,0,0,0,0,0,0,0,0,1,0
67,2011-03-09,1891,0,0.29583333333333334,0.7754166666666666,3,2011,9,Wednesday,0,1,0,0,0,0,0,0,0,0,0,0,0,0,0,0,1
68,2011-03-10,623,0,0.3890909090909092,0.0,3,2011,10,Thursday,0,1,0,0,0,0,0,0,0,0,0,0,0,0,1,0,0
69,2011-03-11,1977,0,0.31652173913043474,0.6495652173913044,3,2011,11,Friday,0,1,0,0,0,0,0,0,0,0,0,0,0,0,0,0,0
70,2011-03-12,2132,0,0.32916666666666666,0.5945833333333334,3,2011,12,Saturday,0,1,0,0,0,0,0,0,0,0,0,0,1,0,0,0,0
71,2011-03-13,2417,0,0.3843478260869566,0.5273913043478262,3,2011,13,Sunday,0,1,0,0,0,0,0,0,0,0,0,0,0,1,0,0,0
72,2011-03-14,2046,0,0.32521739130434785,0.4969565217391305,3,2011,14,Monday,0,1,0,0,0,0,0,0,0,0,0,1,0,0,0,0,0
73,2011-03-15,2056,0,0.31739130434782614,0.6556521739130435,3,2011,15,Tuesday,0,1,0,0,0,0,0,0,0,0,0,0,0,0,0,1,0
74,2011-03-16,2192,0,0.36521739130434794,0.7765217391304347,3,2011,16,Wednesday,0,1,0,0,0,0,0,0,0,0,0,0,0,0,0,0,1
75,2011-03-17,2744,0,0.415,0.6029166666666665,3,2011,17,Thursday,0,1,0,0,0,0,0,0,0,0,0,0,0,0,1,0,0
76,2011-03-18,3239,0,0.5399999999999998,0.5252173913043479,3,2011,18,Friday,0,1,0,0,0,0,0,0,0,0,0,0,0,0,0,0,0
77,2011-03-19,3117,0,0.4725000000000001,0.3791666666666666,3,2011,19,Saturday,0,1,0,0,0,0,0,0,0,0,0,0,1,0,0,0,0
78,2011-03-20,2471,0,0.3325,0.4737499999999999,3,2011,20,Sunday,0,1,0,0,0,0,0,0,0,0,0,0,0,1,0,0,0
79,2011-03-21,2077,0,0.4304347826086957,0.7373913043478261,3,2011,21,Monday,0,1,0,0,0,0,0,0,0,0,0,1,0,0,0,0,0
80,2011-03-22,2703,0,0.44166666666666665,0.6245833333333333,3,2011,22,Tuesday,0,1,0,0,0,0,0,0,0,0,0,0,0,0,0,1,0
81,2011-03-23,2121,0,0.3469565217391305,0.8395652173913042,3,2011,23,Wednesday,0,1,0,0,0,0,0,0,0,0,0,0,0,0,0,0,1
82,2011-03-24,1865,0,0.2849999999999999,0.8058333333333328,3,2011,24,Thursday,0,1,0,0,0,0,0,0,0,0,0,0,0,0,1,0,0
83,2011-03-25,2210,0,0.2641666666666666,0.4950000000000001,3,2011,25,Friday,0,1,0,0,0,0,0,0,0,0,0,0,0,0,0,0,0
84,2011-03-26,2496,0,0.26583333333333337,0.3941666666666667,3,2011,26,Saturday,0,1,0,0,0,0,0,0,0,0,0,0,1,0,0,0,0
85,2011-03-27,1693,0,0.2530434782608695,0.49391304347826087,3,2011,27,Sunday,0,1,0,0,0,0,0,0,0,0,0,0,0,1,0,0,0
86,2011-03-28,2028,0,0.2643478260869565,0.30217391304347824,3,2011,28,Monday,0,1,0,0,0,0,0,0,0,0,0,1,0,0,0,0,0
87,2011-03-29,2425,0,0.30250000000000005,0.31416666666666676,3,2011,29,Tuesday,0,1,0,0,0,0,0,0,0,0,0,0,0,0,0,1,0
88,2011-03-30,1536,0,0.30000000000000004,0.6466666666666666,3,2011,30,Wednesday,0,1,0,0,0,0,0,0,0,0,0,0,0,0,0,0,1
89,2011-03-31,1685,0,0.2683333333333333,0.9183333333333331,3,2011,31,Thursday,0,1,0,0,0,0,0,0,0,0,0,0,0,0,1,0,0
90,2011-04-01,2227,0,0.3,0.6862500000000001,4,2011,1,Friday,0,0,1,0,0,0,0,0,0,0,0,0,0,0,0,0,0
91,2011-04-02,2252,0,0.315,0.6537499999999999,4,2011,2,Saturday,0,0,1,0,0,0,0,0,0,0,0,0,1,0,0,0,0
92,2011-04-03,3249,0,0.37833333333333335,0.48,4,2011,3,Sunday,0,0,1,0,0,0,0,0,0,0,0,0,0,1,0,0,0
93,2011-04-04,3115,0,0.5733333333333333,0.4262500000000002,4,2011,4,Monday,0,0,1,0,0,0,0,0,0,0,0,1,0,0,0,0,0
94,2011-04-05,1795,0,0.41416666666666674,0.6420833333333336,4,2011,5,Tuesday,0,0,1,0,0,0,0,0,0,0,0,0,0,0,0,1,0
95,2011-04-06,2808,0,0.39083333333333337,0.4708333333333334,4,2011,6,Wednesday,0,0,1,0,0,0,0,0,0,0,0,0,0,0,0,0,1
96,2011-04-07,3141,0,0.4375,0.6029166666666667,4,2011,7,Thursday,0,0,1,0,0,0,0,0,0,0,0,0,0,0,1,0,0
97,2011-04-08,1471,0,0.3358333333333334,0.8362499999999998,4,2011,8,Friday,0,0,1,0,0,0,0,0,0,0,0,0,0,0,0,0,0
98,2011-04-09,2455,0,0.3425,0.8775,4,2011,9,Saturday,0,0,1,0,0,0,0,0,0,0,0,0,1,0,0,0,0
99,2011-04-10,2895,0,0.4266666666666667,0.8574999999999999,4,2011,10,Sunday,0,0,1,0,0,0,0,0,0,0,0,0,0,1,0,0,0
100,2011-04-11,3348,0,0.5956521739130435,0.7169565217391305,4,2011,11,Monday,0,0,1,0,0,0,0,0,0,0,0,1,0,0,0,0,0
101,2011-04-12,2034,0,0.5025000000000001,0.7391666666666667,4,2011,12,Tuesday,0,0,1,0,0,0,0,0,0,0,0,0,0,0,0,1,0
102,2011-04-13,2162,0,0.41250000000000003,0.8191666666666668,4,2011,13,Wednesday,0,0,1,0,0,0,0,0,0,0,0,0,0,0,0,0,1
103,2011-04-14,3267,0,0.4675000000000001,0.5404166666666667,4,2011,14,Thursday,0,0,1,0,0,0,0,0,0,0,0,0,0,0,1,0,0
104,2011-04-15,3126,1,0.4466666666666667,0.67125,4,2011,15,Friday,0,0,1,0,0,0,0,0,0,0,0,0,0,0,0,0,0
105,2011-04-16,795,0,0.4308333333333332,0.8883333333333336,4,2011,16,Saturday,0,0,1,0,0,0,0,0,0,0,0,0,1,0,0,0,0
106,2011-04-17,3744,0,0.4566666666666667,0.4795833333333335,4,2011,17,Sunday,0,0,1,0,0,0,0,0,0,0,0,0,0,1,0,0,0
107,2011-04-18,3429,0,0.5125000000000001,0.5425000000000001,4,2011,18,Monday,0,0,1,0,0,0,0,0,0,0,0,1,0,0,0,0,0
108,2011-04-19,3204,0,0.5058333333333334,0.6658333333333334,4,2011,19,Tuesday,0,0,1,0,0,0,0,0,0,0,0,0,0,0,0,1,0
109,2011-04-20,3944,0,0.5949999999999999,0.6141666666666665,4,2011,20,Wednesday,0,0,1,0,0,0,0,0,0,0,0,0,0,0,0,0,1
110,2011-04-21,4189,0,0.45916666666666667,0.40708333333333346,4,2011,21,Thursday,0,0,1,0,0,0,0,0,0,0,0,0,0,0,1,0,0
111,2011-04-22,1683,0,0.33666666666666667,0.7295833333333333,4,2011,22,Friday,0,0,1,0,0,0,0,0,0,0,0,0,0,0,0,0,0
112,2011-04-23,4036,0,0.45999999999999996,0.8879166666666666,4,2011,23,Saturday,0,0,1,0,0,0,0,0,0,0,0,0,1,0,0,0,0
113,2011-04-24,4191,0,0.5816666666666666,0.8108333333333334,4,2011,24,Sunday,0,0,1,0,0,0,0,0,0,0,0,0,0,1,0,0,0
114,2011-04-25,4073,0,0.6066666666666666,0.7766666666666668,4,2011,25,Monday,0,0,1,0,0,0,0,0,0,0,0,1,0,0,0,0,0
115,2011-04-26,4400,0,0.6316666666666666,0.7291666666666665,4,2011,26,Tuesday,0,0,1,0,0,0,0,0,0,0,0,0,0,0,0,1,0
116,2011-04-27,3872,0,0.6199999999999998,0.8354166666666664,4,2011,27,Wednesday,0,0,1,0,0,0,0,0,0,0,0,0,0,0,0,0,1
117,2011-04-28,4058,0,0.6174999999999998,0.7008333333333335,4,2011,28,Thursday,0,0,1,0,0,0,0,0,0,0,0,0,0,0,1,0,0
118,2011-04-29,4595,0,0.5100000000000001,0.45708333333333345,4,2011,29,Friday,0,0,1,0,0,0,0,0,0,0,0,0,0,0,0,0,0
119,2011-04-30,5312,0,0.47249999999999986,0.5033333333333332,4,2011,30,Saturday,0,0,1,0,0,0,0,0,0,0,0,0,1,0,0,0,0
120,2011-05-01,3351,0,0.4516666666666669,0.7620833333333334,5,2011,1,Sunday,0,0,0,1,0,0,0,0,0,0,0,0,0,1,0,0,0
121,2011-05-02,4401,0,0.5491666666666667,0.7299999999999999,5,2011,2,Monday,0,0,0,1,0,0,0,0,0,0,0,1,0,0,0,0,0
122,2011-05-03,4451,0,0.6166666666666666,0.6970833333333334,5,2011,3,Tuesday,0,0,0,1,0,0,0,0,0,0,0,0,0,0,0,1,0
123,2011-05-04,2633,0,0.41416666666666674,0.7370833333333332,5,2011,4,Wednesday,0,0,0,1,0,0,0,0,0,0,0,0,0,0,0,0,1
124,2011-05-05,4433,0,0.4591666666666668,0.44416666666666665,5,2011,5,Thursday,0,0,0,1,0,0,0,0,0,0,0,0,0,0,1,0,0
125,2011-05-06,4608,0,0.4791666666666666,0.5900000000000002,5,2011,6,Friday,0,0,0,1,0,0,0,0,0,0,0,0,0,0,0,0,0
126,2011-05-07,4714,0,0.52,0.54125,5,2011,7,Saturday,0,0,0,1,0,0,0,0,0,0,0,0,1,0,0,0,0
127,2011-05-08,4333,0,0.5283333333333333,0.6316666666666669,5,2011,8,Sunday,0,0,0,1,0,0,0,0,0,0,0,0,0,1,0,0,0
128,2011-05-09,4362,0,0.5324999999999999,0.58875,5,2011,9,Monday,0,0,0,1,0,0,0,0,0,0,0,1,0,0,0,0,0
129,2011-05-10,4803,0,0.5325000000000001,0.4891666666666666,5,2011,10,Tuesday,0,0,0,1,0,0,0,0,0,0,0,0,0,0,0,1,0
130,2011-05-11,4182,0,0.5425,0.6329166666666667,5,2011,11,Wednesday,0,0,0,1,0,0,0,0,0,0,0,0,0,0,0,0,1
131,2011-05-12,4864,0,0.535,0.7474999999999997,5,2011,12,Thursday,0,0,0,1,0,0,0,0,0,0,0,0,0,0,1,0,0
132,2011-05-13,4105,0,0.5124999999999998,0.8633333333333332,5,2011,13,Friday,0,0,0,1,0,0,0,0,0,0,0,0,0,0,0,0,0
133,2011-05-14,3409,0,0.5208333333333331,0.9225,5,2011,14,Saturday,0,0,0,1,0,0,0,0,0,0,0,0,1,0,0,0,0
134,2011-05-15,4553,0,0.5625000000000001,0.867083333333333,5,2011,15,Sunday,0,0,0,1,0,0,0,0,0,0,0,0,0,1,0,0,0
135,2011-05-16,3958,0,0.5775,0.7879166666666665,5,2011,16,Monday,0,0,0,1,0,0,0,0,0,0,0,1,0,0,0,0,0
136,2011-05-17,4123,0,0.5616666666666665,0.8379166666666665,5,2011,17,Tuesday,0,0,0,1,0,0,0,0,0,0,0,0,0,0,0,1,0
137,2011-05-18,3855,0,0.55,0.8699999999999998,5,2011,18,Wednesday,0,0,0,1,0,0,0,0,0,0,0,0,0,0,0,0,1
138,2011-05-19,4575,0,0.5308333333333334,0.8295833333333335,5,2011,19,Thursday,0,0,0,1,0,0,0,0,0,0,0,0,0,0,1,0,0
139,2011-05-20,4917,0,0.5366666666666666,0.7195833333333334,5,2011,20,Friday,0,0,0,1,0,0,0,0,0,0,0,0,0,0,0,0,0
140,2011-05-21,5805,0,0.6024999999999999,0.6266666666666665,5,2011,21,Saturday,0,0,0,1,0,0,0,0,0,0,0,0,1,0,0,0,0
141,2011-05-22,4660,0,0.6041666666666666,0.7495833333333329,5,2011,22,Sunday,0,0,0,1,0,0,0,0,0,0,0,0,0,1,0,0,0
142,2011-05-23,4274,0,0.6316666666666667,0.8099999999999999,5,2011,23,Monday,0,0,0,1,0,0,0,0,0,0,0,1,0,0,0,0,0
143,2011-05-24,4492,0,0.6599999999999999,0.7408333333333332,5,2011,24,Tuesday,0,0,0,1,0,0,0,0,0,0,0,0,0,0,0,1,0
144,2011-05-25,4978,0,0.6608333333333334,0.6962499999999999,5,2011,25,Wednesday,0,0,0,1,0,0,0,0,0,0,0,0,0,0,0,0,1
145,2011-05-26,4677,0,0.7083333333333335,0.6775000000000001,5,2011,26,Thursday,0,0,0,1,0,0,0,0,0,0,0,0,0,0,1,0,0
146,2011-05-27,4679,0,0.6816666666666665,0.65375,5,2011,27,Friday,0,0,0,1,0,0,0,0,0,0,0,0,0,0,0,0,0
147,2011-05-28,4758,0,0.6558333333333334,0.7295833333333334,5,2011,28,Saturday,0,0,0,1,0,0,0,0,0,0,0,0,1,0,0,0,0
148,2011-05-29,4788,0,0.6675000000000001,0.8187499999999998,5,2011,29,Sunday,0,0,0,1,0,0,0,0,0,0,0,0,0,1,0,0,0
149,2011-05-30,4098,1,0.7333333333333333,0.685,5,2011,30,Monday,0,0,0,1,0,0,0,0,0,0,0,1,0,0,0,0,0
150,2011-05-31,3982,0,0.7749999999999999,0.6366666666666666,5,2011,31,Tuesday,0,0,0,1,0,0,0,0,0,0,0,0,0,0,0,1,0
151,2011-06-01,3974,0,0.7641666666666663,0.6770833333333334,6,2011,1,Wednesday,0,0,0,0,1,0,0,0,0,0,0,0,0,0,0,0,1
152,2011-06-02,4968,0,0.7150000000000002,0.305,6,2011,2,Thursday,0,0,0,0,1,0,0,0,0,0,0,0,0,0,1,0,0
153,2011-06-03,5312,0,0.62,0.35416666666666674,6,2011,3,Friday,0,0,0,0,1,0,0,0,0,0,0,0,0,0,0,0,0
154,2011-06-04,5342,0,0.6350000000000001,0.4562500000000001,6,2011,4,Saturday,0,0,0,0,1,0,0,0,0,0,0,0,1,0,0,0,0
155,2011-06-05,4906,0,0.6483333333333333,0.6525,6,2011,5,Sunday,0,0,0,0,1,0,0,0,0,0,0,0,0,1,0,0,0
156,2011-06-06,4548,0,0.6783333333333332,0.5999999999999999,6,2011,6,Monday,0,0,0,0,1,0,0,0,0,0,0,1,0,0,0,0,0
157,2011-06-07,4833,0,0.7075,0.5979166666666668,6,2011,7,Tuesday,0,0,0,0,1,0,0,0,0,0,0,0,0,0,0,1,0
158,2011-06-08,4401,0,0.7758333333333335,0.6220833333333334,6,2011,8,Wednesday,0,0,0,0,1,0,0,0,0,0,0,0,0,0,0,0,1
159,2011-06-09,3915,0,0.8083333333333332,0.5683333333333334,6,2011,9,Thursday,0,0,0,0,1,0,0,0,0,0,0,0,0,0,1,0,0
160,2011-06-10,4586,0,0.7549999999999999,0.605,6,2011,10,Friday,0,0,0,0,1,0,0,0,0,0,0,0,0,0,0,0,0
161,2011-06-11,4966,0,0.7250000000000001,0.6545833333333334,6,2011,11,Saturday,0,0,0,0,1,0,0,0,0,0,0,0,1,0,0,0,0
162,2011-06-12,4460,0,0.6924999999999999,0.7479166666666668,6,2011,12,Sunday,0,0,0,0,1,0,0,0,0,0,0,0,0,1,0,0,0
163,2011-06-13,5020,0,0.6349999999999999,0.4945833333333334,6,2011,13,Monday,0,0,0,0,1,0,0,0,0,0,0,1,0,0,0,0,0
164,2011-06-14,4891,0,0.6041666666666667,0.5070833333333333,6,2011,14,Tuesday,0,0,0,0,1,0,0,0,0,0,0,0,0,0,0,1,0
165,2011-06-15,5180,0,0.6266666666666666,0.4716666666666666,6,2011,15,Wednesday,0,0,0,0,1,0,0,0,0,0,0,0,0,0,0,0,1
166,2011-06-16,3767,0,0.6283333333333333,0.6883333333333334,6,2011,16,Thursday,0,0,0,0,1,0,0,0,0,0,0,0,0,0,1,0,0
167,2011-06-17,4844,0,0.6491666666666666,0.7358333333333332,6,2011,17,Friday,0,0,0,0,1,0,0,0,0,0,0,0,0,0,0,0,0
168,2011-06-18,5119,0,0.6966666666666667,0.6704166666666667,6,2011,18,Saturday,0,0,0,0,1,0,0,0,0,0,0,0,1,0,0,0,0
169,2011-06-19,4744,0,0.6991666666666667,0.6666666666666666,6,2011,19,Sunday,0,0,0,0,1,0,0,0,0,0,0,0,0,1,0,0,0
170,2011-06-20,4010,0,0.6349999999999999,0.74625,6,2011,20,Monday,0,0,0,0,1,0,0,0,0,0,0,1,0,0,0,0,0
171,2011-06-21,4835,0,0.6808333333333333,0.7704166666666664,6,2011,21,Tuesday,0,0,0,0,1,0,0,0,0,0,0,0,0,0,0,1,0
172,2011-06-22,4507,0,0.7333333333333334,0.7074999999999999,6,2011,22,Wednesday,0,0,0,0,1,0,0,0,0,0,0,0,0,0,0,0,1
173,2011-06-23,4790,0,0.7283333333333334,0.7033333333333331,6,2011,23,Thursday,0,0,0,0,1,0,0,0,0,0,0,0,0,0,1,0,0
174,2011-06-24,4991,0,0.7241666666666667,0.5733333333333333,6,2011,24,Friday,0,0,0,0,1,0,0,0,0,0,0,0,0,0,0,0,0
175,2011-06-25,5202,0,0.695,0.4833333333333334,6,2011,25,Saturday,0,0,0,0,1,0,0,0,0,0,0,0,1,0,0,0,0
176,2011-06-26,5305,0,0.68,0.5133333333333335,6,2011,26,Sunday,0,0,0,0,1,0,0,0,0,0,0,0,0,1,0,0,0
177,2011-06-27,4708,0,0.6825000000000001,0.6583333333333333,6,2011,27,Monday,0,0,0,0,1,0,0,0,0,0,0,1,0,0,0,0,0
178,2011-06-28,4648,0,0.7441666666666665,0.6341666666666667,6,2011,28,Tuesday,0,0,0,0,1,0,0,0,0,0,0,0,0,0,0,1,0
179,2011-06-29,5225,0,0.7283333333333335,0.49791666666666673,6,2011,29,Wednesday,0,0,0,0,1,0,0,0,0,0,0,0,0,0,0,0,1
180,2011-06-30,5515,0,0.6966666666666667,0.4341666666666666,6,2011,30,Thursday,0,0,0,0,1,0,0,0,0,0,0,0,0,0,1,0,0
181,2011-07-01,5362,0,0.7225000000000001,0.39625,7,2011,1,Friday,0,0,0,0,0,1,0,0,0,0,0,0,0,0,0,0,0
182,2011-07-02,5119,0,0.7383333333333333,0.4445833333333334,7,2011,2,Saturday,0,0,0,0,0,1,0,0,0,0,0,0,1,0,0,0,0
183,2011-07-03,4649,0,0.7166666666666668,0.6825,7,2011,3,Sunday,0,0,0,0,0,1,0,0,0,0,0,0,0,1,0,0,0
184,2011-07-04,6043,1,0.7266666666666666,0.6379166666666668,7,2011,4,Monday,0,0,0,0,0,1,0,0,0,0,0,1,0,0,0,0,0
185,2011-07-05,4665,0,0.7466666666666669,0.5904166666666668,7,2011,5,Tuesday,0,0,0,0,0,1,0,0,0,0,0,0,0,0,0,1,0
186,2011-07-06,4629,0,0.7200000000000001,0.7433333333333332,7,2011,6,Wednesday,0,0,0,0,0,1,0,0,0,0,0,0,0,0,0,0,1
187,2011-07-07,4592,0,0.7499999999999997,0.6512499999999998,7,2011,7,Thursday,0,0,0,0,0,1,0,0,0,0,0,0,0,0,1,0,0
188,2011-07-08,4040,0,0.7091666666666666,0.7579166666666669,7,2011,8,Friday,0,0,0,0,0,1,0,0,0,0,0,0,0,0,0,0,0
189,2011-07-09,5336,0,0.7333333333333333,0.6091666666666667,7,2011,9,Saturday,0,0,0,0,0,1,0,0,0,0,0,0,1,0,0,0,0
190,2011-07-10,4881,0,0.7474999999999999,0.5783333333333335,7,2011,10,Sunday,0,0,0,0,0,1,0,0,0,0,0,0,0,1,0,0,0
191,2011-07-11,4086,0,0.7624999999999997,0.6358333333333334,7,2011,11,Monday,0,0,0,0,0,1,0,0,0,0,0,1,0,0,0,0,0
192,2011-07-12,4258,0,0.7941666666666668,0.5591666666666666,7,2011,12,Tuesday,0,0,0,0,0,1,0,0,0,0,0,0,0,0,0,1,0
193,2011-07-13,4342,0,0.7466666666666667,0.6316666666666665,7,2011,13,Wednesday,0,0,0,0,0,1,0,0,0,0,0,0,0,0,0,0,1
194,2011-07-14,5084,0,0.6808333333333333,0.47625,7,2011,14,Thursday,0,0,0,0,0,1,0,0,0,0,0,0,0,0,1,0,0
195,2011-07-15,5538,0,0.6633333333333333,0.5912499999999999,7,2011,15,Friday,0,0,0,0,0,1,0,0,0,0,0,0,0,0,0,0,0
196,2011-07-16,5923,0,0.6866666666666666,0.5849999999999999,7,2011,16,Saturday,0,0,0,0,0,1,0,0,0,0,0,0,1,0,0,0,0
197,2011-07-17,5302,0,0.7191666666666667,0.6041666666666667,7,2011,17,Sunday,0,0,0,0,0,1,0,0,0,0,0,0,0,1,0,0,0
198,2011-07-18,4458,0,0.7466666666666667,0.6512500000000001,7,2011,18,Monday,0,0,0,0,0,1,0,0,0,0,0,1,0,0,0,0,0
199,2011-07-19,4541,0,0.7766666666666665,0.6504166666666666,7,2011,19,Tuesday,0,0,0,0,0,1,0,0,0,0,0,0,0,0,0,1,0
200,2011-07-20,4332,0,0.7683333333333334,0.7070833333333333,7,2011,20,Wednesday,0,0,0,0,0,1,0,0,0,0,0,0,0,0,0,0,1
201,2011-07-21,3784,0,0.8150000000000001,0.69125,7,2011,21,Thursday,0,0,0,0,0,1,0,0,0,0,0,0,0,0,1,0,0
202,2011-07-22,3387,0,0.8483333333333333,0.5804166666666667,7,2011,22,Friday,0,0,0,0,0,1,0,0,0,0,0,0,0,0,0,0,0
203,2011-07-23,3285,0,0.8491666666666666,0.5000000000000001,7,2011,23,Saturday,0,0,0,0,0,1,0,0,0,0,0,0,1,0,0,0,0
204,2011-07-24,3606,0,0.8300000000000002,0.5508333333333334,7,2011,24,Sunday,0,0,0,0,0,1,0,0,0,0,0,0,0,1,0,0,0
205,2011-07-25,3840,0,0.7433333333333333,0.7570833333333334,7,2011,25,Monday,0,0,0,0,0,1,0,0,0,0,0,1,0,0,0,0,0
206,2011-07-26,4590,0,0.7716666666666668,0.5408333333333334,7,2011,26,Tuesday,0,0,0,0,0,1,0,0,0,0,0,0,0,0,0,1,0
207,2011-07-27,4656,0,0.7749999999999999,0.4029166666666666,7,2011,27,Wednesday,0,0,0,0,0,1,0,0,0,0,0,0,0,0,0,0,1
208,2011-07-28,4390,0,0.7791666666666668,0.5833333333333334,7,2011,28,Thursday,0,0,0,0,0,1,0,0,0,0,0,0,0,0,1,0,0
209,2011-07-29,3846,0,0.8383333333333334,0.5425000000000002,7,2011,29,Friday,0,0,0,0,0,1,0,0,0,0,0,0,0,0,0,0,0
210,2011-07-30,4475,0,0.8041666666666668,0.4658333333333333,7,2011,30,Saturday,0,0,0,0,0,1,0,0,0,0,0,0,1,0,0,0,0
211,2011-07-31,4302,0,0.8058333333333333,0.4808333333333334,7,2011,31,Sunday,0,0,0,0,0,1,0,0,0,0,0,0,0,1,0,0,0
212,2011-08-01,4266,0,0.7716666666666666,0.5508333333333332,8,2011,1,Monday,0,0,0,0,0,0,1,0,0,0,0,1,0,0,0,0,0
213,2011-08-02,4845,0,0.7833333333333333,0.49125,8,2011,2,Tuesday,0,0,0,0,0,0,1,0,0,0,0,0,0,0,0,1,0
214,2011-08-03,3574,0,0.7316666666666665,0.6574999999999999,8,2011,3,Wednesday,0,0,0,0,0,0,1,0,0,0,0,0,0,0,0,0,1
215,2011-08-04,4576,0,0.71,0.7574999999999998,8,2011,4,Thursday,0,0,0,0,0,0,1,0,0,0,0,0,0,0,1,0,0
216,2011-08-05,4866,0,0.7108333333333333,0.6308333333333335,8,2011,5,Friday,0,0,0,0,0,0,1,0,0,0,0,0,0,0,0,0,0
217,2011-08-06,4294,0,0.7166666666666668,0.7549999999999998,8,2011,6,Saturday,0,0,0,0,0,0,1,0,0,0,0,0,1,0,0,0,0
218,2011-08-07,3785,0,0.7425,0.7529166666666667,8,2011,7,Sunday,0,0,0,0,0,0,1,0,0,0,0,0,0,1,0,0,0
219,2011-08-08,4326,0,0.765,0.5920833333333334,8,2011,8,Monday,0,0,0,0,0,0,1,0,0,0,0,1,0,0,0,0,0
220,2011-08-09,4602,0,0.7750000000000002,0.5704166666666669,8,2011,9,Tuesday,0,0,0,0,0,0,1,0,0,0,0,0,0,0,0,1,0
221,2011-08-10,4780,0,0.7666666666666666,0.4241666666666666,8,2011,10,Wednesday,0,0,0,0,0,0,1,0,0,0,0,0,0,0,0,0,1
222,2011-08-11,4792,0,0.7175000000000001,0.4237499999999999,8,2011,11,Thursday,0,0,0,0,0,0,1,0,0,0,0,0,0,0,1,0,0
223,2011-08-12,4905,0,0.7083333333333334,0.41500000000000004,8,2011,12,Friday,0,0,0,0,0,0,1,0,0,0,0,0,0,0,0,0,0
224,2011-08-13,4150,0,0.6858333333333332,0.7295833333333333,8,2011,13,Saturday,0,0,0,0,0,0,1,0,0,0,0,0,1,0,0,0,0
225,2011-08-14,3820,0,0.6766666666666667,0.8174999999999996,8,2011,14,Sunday,0,0,0,0,0,0,1,0,0,0,0,0,0,1,0,0,0
226,2011-08-15,4338,0,0.6658333333333333,0.7120833333333335,8,2011,15,Monday,0,0,0,0,0,0,1,0,0,0,0,1,0,0,0,0,0
227,2011-08-16,4725,0,0.7008333333333335,0.5783333333333333,8,2011,16,Tuesday,0,0,0,0,0,0,1,0,0,0,0,0,0,0,0,1,0
228,2011-08-17,4694,0,0.7233333333333335,0.5754166666666667,8,2011,17,Wednesday,0,0,0,0,0,0,1,0,0,0,0,0,0,0,0,0,1
229,2011-08-18,3805,0,0.7116666666666668,0.6545833333333335,8,2011,18,Thursday,0,0,0,0,0,0,1,0,0,0,0,0,0,0,1,0,0
230,2011-08-19,4153,0,0.6849999999999999,0.7229166666666668,8,2011,19,Friday,0,0,0,0,0,0,1,0,0,0,0,0,0,0,0,0,0
231,2011-08-20,5191,0,0.6975000000000001,0.6741666666666667,8,2011,20,Saturday,0,0,0,0,0,0,1,0,0,0,0,0,1,0,0,0,0
232,2011-08-21,3873,0,0.7108333333333334,0.7699999999999997,8,2011,21,Sunday,0,0,0,0,0,0,1,0,0,0,0,0,0,1,0,0,0
233,2011-08-22,4758,0,0.6916666666666668,0.4700000000000002,8,2011,22,Monday,0,0,0,0,0,0,1,0,0,0,0,1,0,0,0,0,0
234,2011-08-23,5895,0,0.6408333333333335,0.45541666666666664,8,2011,23,Tuesday,0,0,0,0,0,0,1,0,0,0,0,0,0,0,0,1,0
235,2011-08-24,5130,0,0.6733333333333333,0.6050000000000001,8,2011,24,Wednesday,0,0,0,0,0,0,1,0,0,0,0,0,0,0,0,0,1
236,2011-08-25,3542,0,0.6841666666666667,0.7716666666666665,8,2011,25,Thursday,0,0,0,0,0,0,1,0,0,0,0,0,0,0,1,0,0
237,2011-08-26,4661,0,0.7000000000000001,0.7612499999999999,8,2011,26,Friday,0,0,0,0,0,0,1,0,0,0,0,0,0,0,0,0,0
238,2011-08-27,1115,0,0.6800000000000002,0.8500000000000002,8,2011,27,Saturday,0,0,0,0,0,0,1,0,0,0,0,0,1,0,0,0,0
239,2011-08-28,4334,0,0.7070588235294119,0.5617647058823529,8,2011,28,Sunday,0,0,0,0,0,0,1,0,0,0,0,0,0,1,0,0,0
240,2011-08-29,4634,0,0.6366666666666666,0.5545833333333333,8,2011,29,Monday,0,0,0,0,0,0,1,0,0,0,0,1,0,0,0,0,0
241,2011-08-30,5204,0,0.6391666666666667,0.5483333333333332,8,2011,30,Tuesday,0,0,0,0,0,0,1,0,0,0,0,0,0,0,0,1,0
242,2011-08-31,5058,0,0.6566666666666667,0.5979166666666665,8,2011,31,Wednesday,0,0,0,0,0,0,1,0,0,0,0,0,0,0,0,0,1
243,2011-09-01,5115,0,0.6550000000000001,0.6391666666666667,9,2011,1,Thursday,0,0,0,0,0,0,0,1,0,0,0,0,0,0,1,0,0
244,2011-09-02,4727,0,0.6433333333333333,0.7270833333333333,9,2011,2,Friday,0,0,0,0,0,0,0,1,0,0,0,0,0,0,0,0,0
245,2011-09-03,4484,0,0.6691666666666666,0.7166666666666667,9,2011,3,Saturday,0,0,0,0,0,0,0,1,0,0,0,0,1,0,0,0,0
246,2011-09-04,4940,0,0.7091666666666666,0.7420833333333331,9,2011,4,Sunday,0,0,0,0,0,0,0,1,0,0,0,0,0,1,0,0,0
247,2011-09-05,3351,1,0.6733333333333333,0.7904166666666667,9,2011,5,Monday,0,0,0,0,0,0,0,1,0,0,0,1,0,0,0,0,0
248,2011-09-06,2710,0,0.5399999999999998,0.8869565217391305,9,2011,6,Tuesday,0,0,0,0,0,0,0,1,0,0,0,0,0,0,0,1,0
249,2011-09-07,1996,0,0.5991666666666666,0.9170833333333336,9,2011,7,Wednesday,0,0,0,0,0,0,0,1,0,0,0,0,0,0,0,0,1
250,2011-09-08,1842,0,0.6339130434782608,0.9395652173913043,9,2011,8,Thursday,0,0,0,0,0,0,0,1,0,0,0,0,0,0,1,0,0
251,2011-09-09,3544,0,0.65,0.8979166666666668,9,2011,9,Friday,0,0,0,0,0,0,0,1,0,0,0,0,0,0,0,0,0
252,2011-09-10,5345,0,0.66,0.75375,9,2011,10,Saturday,0,0,0,0,0,0,0,1,0,0,0,0,1,0,0,0,0
253,2011-09-11,5046,0,0.6533333333333334,0.7137500000000001,9,2011,11,Sunday,0,0,0,0,0,0,0,1,0,0,0,0,0,1,0,0,0
254,2011-09-12,4713,0,0.6443478260869565,0.6921739130434783,9,2011,12,Monday,0,0,0,0,0,0,0,1,0,0,0,1,0,0,0,0,0
255,2011-09-13,4763,0,0.6508333333333334,0.7124999999999999,9,2011,13,Tuesday,0,0,0,0,0,0,0,1,0,0,0,0,0,0,0,1,0
256,2011-09-14,4785,0,0.6733333333333332,0.6970833333333332,9,2011,14,Wednesday,0,0,0,0,0,0,0,1,0,0,0,0,0,0,0,0,1
257,2011-09-15,3659,0,0.5775000000000001,0.7091666666666668,9,2011,15,Thursday,0,0,0,0,0,0,0,1,0,0,0,0,0,0,1,0,0
258,2011-09-16,4760,0,0.4691666666666667,0.5904166666666667,9,2011,16,Friday,0,0,0,0,0,0,0,1,0,0,0,0,0,0,0,0,0
259,2011-09-17,4511,0,0.49166666666666653,0.7183333333333333,9,2011,17,Saturday,0,0,0,0,0,0,0,1,0,0,0,0,1,0,0,0,0
260,2011-09-18,4274,0,0.5074999999999998,0.695,9,2011,18,Sunday,0,0,0,0,0,0,0,1,0,0,0,0,0,1,0,0,0
261,2011-09-19,4539,0,0.5491666666666667,0.69,9,2011,19,Monday,0,0,0,0,0,0,0,1,0,0,0,1,0,0,0,0,0
262,2011-09-20,3641,0,0.5616666666666668,0.8812500000000001,9,2011,20,Tuesday,0,0,0,0,0,0,0,1,0,0,0,0,0,0,0,1,0
263,2011-09-21,4352,0,0.5949999999999999,0.9000000000000002,9,2011,21,Wednesday,0,0,0,0,0,0,0,1,0,0,0,0,0,0,0,0,1
264,2011-09-22,4795,0,0.6283333333333333,0.9020833333333335,9,2011,22,Thursday,0,0,0,0,0,0,0,1,0,0,0,0,0,0,1,0,0
265,2011-09-23,2395,0,0.6091666666666665,0.9725,9,2011,23,Friday,0,0,0,0,0,0,0,1,0,0,0,0,0,0,0,0,0
266,2011-09-24,5423,0,0.6066666666666666,0.8624999999999997,9,2011,24,Saturday,0,0,0,0,0,0,0,1,0,0,0,0,1,0,0,0,0
267,2011-09-25,5010,0,0.6341666666666665,0.8449999999999999,9,2011,25,Sunday,0,0,0,0,0,0,0,1,0,0,0,0,0,1,0,0,0
268,2011-09-26,4630,0,0.6491666666666666,0.8483333333333335,9,2011,26,Monday,0,0,0,0,0,0,0,1,0,0,0,1,0,0,0,0,0
269,2011-09-27,4120,0,0.6366666666666666,0.8854166666666666,9,2011,27,Tuesday,0,0,0,0,0,0,0,1,0,0,0,0,0,0,0,1,0
270,2011-09-28,3907,0,0.6349999999999999,0.8487499999999996,9,2011,28,Wednesday,0,0,0,0,0,0,0,1,0,0,0,0,0,0,0,0,1
271,2011-09-29,4839,0,0.6166666666666666,0.6991666666666666,9,2011,29,Thursday,0,0,0,0,0,0,0,1,0,0,0,0,0,0,1,0,0
272,2011-09-30,5202,0,0.5641666666666665,0.6475000000000001,9,2011,30,Friday,0,0,0,0,0,0,0,1,0,0,0,0,0,0,0,0,0
273,2011-10-01,2429,0,0.41,0.75375,10,2011,1,Saturday,0,0,0,0,0,0,0,0,1,0,0,0,1,0,0,0,0
274,2011-10-02,2918,0,0.35666666666666674,0.7916666666666665,10,2011,2,Sunday,0,0,0,0,0,0,0,0,1,0,0,0,0,1,0,0,0
275,2011-10-03,3570,0,0.38416666666666677,0.7608333333333333,10,2011,3,Monday,0,0,0,0,0,0,0,0,1,0,0,1,0,0,0,0,0
276,2011-10-04,4456,0,0.4841666666666667,0.7100000000000001,10,2011,4,Tuesday,0,0,0,0,0,0,0,0,1,0,0,0,0,0,0,1,0
277,2011-10-05,4826,0,0.5383333333333332,0.6479166666666668,10,2011,5,Wednesday,0,0,0,0,0,0,0,0,1,0,0,0,0,0,0,0,1
278,2011-10-06,4765,0,0.4941666666666667,0.6208333333333335,10,2011,6,Thursday,0,0,0,0,0,0,0,0,1,0,0,0,0,0,1,0,0
279,2011-10-07,4985,0,0.5108333333333334,0.6841666666666666,10,2011,7,Friday,0,0,0,0,0,0,0,0,1,0,0,0,0,0,0,0,0
280,2011-10-08,5409,0,0.5216666666666666,0.7012499999999999,10,2011,8,Saturday,0,0,0,0,0,0,0,0,1,0,0,0,1,0,0,0,0
281,2011-10-09,5511,0,0.5408333333333334,0.7274999999999999,10,2011,9,Sunday,0,0,0,0,0,0,0,0,1,0,0,0,0,1,0,0,0
282,2011-10-10,5117,1,0.5708333333333333,0.7337499999999998,10,2011,10,Monday,0,0,0,0,0,0,0,0,1,0,0,1,0,0,0,0,0
283,2011-10-11,4563,0,0.5666666666666665,0.8087499999999997,10,2011,11,Tuesday,0,0,0,0,0,0,0,0,1,0,0,0,0,0,0,1,0
284,2011-10-12,2416,0,0.5433333333333331,0.9062500000000003,10,2011,12,Wednesday,0,0,0,0,0,0,0,0,1,0,0,0,0,0,0,0,1
285,2011-10-13,2913,0,0.5891666666666665,0.8966666666666662,10,2011,13,Thursday,0,0,0,0,0,0,0,0,1,0,0,0,0,0,1,0,0
286,2011-10-14,3644,0,0.5508333333333333,0.71625,10,2011,14,Friday,0,0,0,0,0,0,0,0,1,0,0,0,0,0,0,0,0
287,2011-10-15,5217,0,0.5066666666666667,0.48333333333333334,10,2011,15,Saturday,0,0,0,0,0,0,0,0,1,0,0,0,1,0,0,0,0
288,2011-10-16,5041,0,0.5116666666666667,0.48666666666666664,10,2011,16,Sunday,0,0,0,0,0,0,0,0,1,0,0,0,0,1,0,0,0
289,2011-10-17,4570,0,0.5341666666666668,0.5795833333333333,10,2011,17,Monday,0,0,0,0,0,0,0,0,1,0,0,1,0,0,0,0,0
290,2011-10-18,4748,0,0.5324999999999999,0.7016666666666667,10,2011,18,Tuesday,0,0,0,0,0,0,0,0,1,0,0,0,0,0,0,1,0
291,2011-10-19,2424,0,0.5417391304347826,0.895217391304348,10,2011,19,Wednesday,0,0,0,0,0,0,0,0,1,0,0,0,0,0,0,0,1
292,2011-10-20,4195,0,0.47583333333333355,0.63625,10,2011,20,Thursday,0,0,0,0,0,0,0,0,1,0,0,0,0,0,1,0,0
293,2011-10-21,4304,0,0.42749999999999994,0.5741666666666665,10,2011,21,Friday,0,0,0,0,0,0,0,0,1,0,0,0,0,0,0,0,0
294,2011-10-22,4308,0,0.4225000000000001,0.6291666666666665,10,2011,22,Saturday,0,0,0,0,0,0,0,0,1,0,0,0,1,0,0,0,0
295,2011-10-23,4381,0,0.4216666666666666,0.7412500000000001,10,2011,23,Sunday,0,0,0,0,0,0,0,0,1,0,0,0,0,1,0,0,0
296,2011-10-24,4187,0,0.46333333333333354,0.7720833333333333,10,2011,24,Monday,0,0,0,0,0,0,0,0,1,0,0,1,0,0,0,0,0
297,2011-10-25,4687,0,0.47166666666666673,0.6229166666666667,10,2011,25,Tuesday,0,0,0,0,0,0,0,0,1,0,0,0,0,0,0,1,0
298,2011-10-26,3894,0,0.4841666666666666,0.7204166666666665,10,2011,26,Wednesday,0,0,0,0,0,0,0,0,1,0,0,0,0,0,0,0,1
299,2011-10-27,2659,0,0.47,0.8129166666666671,10,2011,27,Thursday,0,0,0,0,0,0,0,0,1,0,0,0,0,0,1,0,0
300,2011-10-28,3747,0,0.33083333333333337,0.5858333333333334,10,2011,28,Friday,0,0,0,0,0,0,0,0,1,0,0,0,0,0,0,0,0
301,2011-10-29,627,0,0.25416666666666665,0.8825000000000002,10,2011,29,Saturday,0,0,0,0,0,0,0,0,1,0,0,0,1,0,0,0,0
302,2011-10-30,3331,0,0.31916666666666665,0.62375,10,2011,30,Sunday,0,0,0,0,0,0,0,0,1,0,0,0,0,1,0,0,0
303,2011-10-31,3669,0,0.3400000000000001,0.7033333333333335,10,2011,31,Monday,0,0,0,0,0,0,0,0,1,0,0,1,0,0,0,0,0
304,2011-11-01,4068,0,0.4008333333333334,0.6837500000000002,11,2011,1,Tuesday,0,0,0,0,0,0,0,0,0,1,0,0,0,0,0,1,0
305,2011-11-02,4186,0,0.3775,0.71875,11,2011,2,Wednesday,0,0,0,0,0,0,0,0,0,1,0,0,0,0,0,0,1
306,2011-11-03,3974,0,0.4083333333333334,0.7020833333333334,11,2011,3,Thursday,0,0,0,0,0,0,0,0,0,1,0,0,0,0,1,0,0
307,2011-11-04,4046,0,0.4033333333333333,0.6225000000000002,11,2011,4,Friday,0,0,0,0,0,0,0,0,0,1,0,0,0,0,0,0,0
308,2011-11-05,3926,0,0.3266666666666667,0.5191666666666667,11,2011,5,Saturday,0,0,0,0,0,0,0,0,0,1,0,0,1,0,0,0,0
309,2011-11-06,3649,0,0.3483333333333334,0.7345833333333335,11,2011,6,Sunday,0,0,0,0,0,0,0,0,0,1,0,0,0,1,0,0,0
310,2011-11-07,4035,0,0.395,0.7587499999999999,11,2011,7,Monday,0,0,0,0,0,0,0,0,0,1,0,1,0,0,0,0,0
311,2011-11-08,4205,0,0.4083333333333334,0.7216666666666668,11,2011,8,Tuesday,0,0,0,0,0,0,0,0,0,1,0,0,0,0,0,1,0
312,2011-11-09,4109,0,0.4000000000000001,0.7583333333333334,11,2011,9,Wednesday,0,0,0,0,0,0,0,0,0,1,0,0,0,0,0,0,1
313,2011-11-10,2933,0,0.38000000000000006,0.8133333333333335,11,2011,10,Thursday,0,0,0,0,0,0,0,0,0,1,0,0,0,0,1,0,0
314,2011-11-11,3368,1,0.32416666666666666,0.44625000000000004,11,2011,11,Friday,0,0,0,0,0,0,0,0,0,1,0,0,0,0,0,0,0
315,2011-11-12,4067,0,0.35666666666666663,0.5529166666666666,11,2011,12,Saturday,0,0,0,0,0,0,0,0,0,1,0,0,1,0,0,0,0
316,2011-11-13,3717,0,0.44083333333333335,0.4583333333333333,11,2011,13,Sunday,0,0,0,0,0,0,0,0,0,1,0,0,0,1,0,0,0
317,2011-11-14,4486,0,0.5299999999999999,0.5870833333333334,11,2011,14,Monday,0,0,0,0,0,0,0,0,0,1,0,1,0,0,0,0,0
318,2011-11-15,4195,0,0.5300000000000001,0.6887500000000001,11,2011,15,Tuesday,0,0,0,0,0,0,0,0,0,1,0,0,0,0,0,1,0
319,2011-11-16,1817,0,0.4566666666666667,0.9299999999999996,11,2011,16,Wednesday,0,0,0,0,0,0,0,0,0,1,0,0,0,0,0,0,1
320,2011-11-17,3053,0,0.3416666666666666,0.5758333333333333,11,2011,17,Thursday,0,0,0,0,0,0,0,0,0,1,0,0,0,0,1,0,0
321,2011-11-18,3392,0,0.27416666666666667,0.41,11,2011,18,Friday,0,0,0,0,0,0,0,0,0,1,0,0,0,0,0,0,0
322,2011-11-19,3663,0,0.32916666666666666,0.5020833333333333,11,2011,19,Saturday,0,0,0,0,0,0,0,0,0,1,0,0,1,0,0,0,0
323,2011-11-20,3520,0,0.4633333333333334,0.6845833333333334,11,2011,20,Sunday,0,0,0,0,0,0,0,0,0,1,0,0,0,1,0,0,0
324,2011-11-21,2765,0,0.44750000000000006,0.9100000000000001,11,2011,21,Monday,0,0,0,0,0,0,0,0,0,1,0,1,0,0,0,0,0
325,2011-11-22,1607,0,0.4166666666666668,0.9625,11,2011,22,Tuesday,0,0,0,0,0,0,0,0,0,1,0,0,0,0,0,1,0
326,2011-11-23,2566,0,0.44083333333333335,0.7579166666666666,11,2011,23,Wednesday,0,0,0,0,0,0,0,0,0,1,0,0,0,0,0,0,1
327,2011-11-24,1495,1,0.37333333333333335,0.5491666666666667,11,2011,24,Thursday,0,0,0,0,0,0,0,0,0,1,0,0,0,0,1,0,0
328,2011-11-25,2792,0,0.375,0.64375,11,2011,25,Friday,0,0,0,0,0,0,0,0,0,1,0,0,0,0,0,0,0
329,2011-11-26,3068,0,0.3758333333333334,0.6816666666666666,11,2011,26,Saturday,0,0,0,0,0,0,0,0,0,1,0,0,1,0,0,0,0
330,2011-11-27,3071,0,0.4591666666666668,0.6983333333333334,11,2011,27,Sunday,0,0,0,0,0,0,0,0,0,1,0,0,0,1,0,0,0
331,2011-11-28,3867,0,0.5034782608695652,0.7430434782608696,11,2011,28,Monday,0,0,0,0,0,0,0,0,0,1,0,1,0,0,0,0,0
332,2011-11-29,2914,0,0.4583333333333335,0.8308333333333334,11,2011,29,Tuesday,0,0,0,0,0,0,0,0,0,1,0,0,0,0,0,1,0
333,2011-11-30,3613,0,0.32500000000000007,0.6133333333333334,11,2011,30,Wednesday,0,0,0,0,0,0,0,0,0,1,0,0,0,0,0,0,1
334,2011-12-01,3727,0,0.31250000000000006,0.5245833333333335,12,2011,1,Thursday,0,0,0,0,0,0,0,0,0,0,1,0,0,0,1,0,0
335,2011-12-02,3940,0,0.31416666666666665,0.6258333333333334,12,2011,2,Friday,0,0,0,0,0,0,0,0,0,0,1,0,0,0,0,0,0
336,2011-12-03,3614,0,0.29916666666666664,0.6129166666666667,12,2011,3,Saturday,0,0,0,0,0,0,0,0,0,0,1,0,1,0,0,0,0
337,2011-12-04,3485,0,0.3308333333333333,0.7758333333333334,12,2011,4,Sunday,0,0,0,0,0,0,0,0,0,0,1,0,0,1,0,0,0
338,2011-12-05,3811,0,0.3858333333333333,0.8270833333333333,12,2011,5,Monday,0,0,0,0,0,0,0,0,0,0,1,1,0,0,0,0,0
339,2011-12-06,2594,0,0.46250000000000013,0.9495833333333333,12,2011,6,Tuesday,0,0,0,0,0,0,0,0,0,0,1,0,0,0,0,1,0
340,2011-12-07,705,0,0.41000000000000014,0.9704166666666668,12,2011,7,Wednesday,0,0,0,0,0,0,0,0,0,0,1,0,0,0,0,0,1
341,2011-12-08,3322,0,0.2658333333333333,0.5799999999999997,12,2011,8,Thursday,0,0,0,0,0,0,0,0,0,0,1,0,0,0,1,0,0
342,2011-12-09,3620,0,0.2908333333333333,0.6958333333333333,12,2011,9,Friday,0,0,0,0,0,0,0,0,0,0,1,0,0,0,0,0,0
343,2011-12-10,3190,0,0.27499999999999997,0.5075000000000002,12,2011,10,Saturday,0,0,0,0,0,0,0,0,0,0,1,0,1,0,0,0,0
344,2011-12-11,2743,0,0.2208333333333333,0.49000000000000016,12,2011,11,Sunday,0,0,0,0,0,0,0,0,0,0,1,0,0,1,0,0,0
345,2011-12-12,3310,0,0.23833333333333329,0.6708333333333334,12,2011,12,Monday,0,0,0,0,0,0,0,0,0,0,1,1,0,0,0,0,0
346,2011-12-13,3523,0,0.2825,0.5899999999999999,12,2011,13,Tuesday,0,0,0,0,0,0,0,0,0,0,1,0,0,0,0,1,0
347,2011-12-14,3740,0,0.3175,0.66375,12,2011,14,Wednesday,0,0,0,0,0,0,0,0,0,0,1,0,0,0,0,0,1
348,2011-12-15,3709,0,0.4224999999999999,0.6341666666666669,12,2011,15,Thursday,0,0,0,0,0,0,0,0,0,0,1,0,0,0,1,0,0
349,2011-12-16,3577,0,0.37500000000000006,0.5004166666666664,12,2011,16,Friday,0,0,0,0,0,0,0,0,0,0,1,0,0,0,0,0,0
350,2011-12-17,2739,0,0.25833333333333336,0.5608333333333333,12,2011,17,Saturday,0,0,0,0,0,0,0,0,0,0,1,0,1,0,0,0,0
351,2011-12-18,2431,0,0.2383333333333333,0.5862499999999998,12,2011,18,Sunday,0,0,0,0,0,0,0,0,0,0,1,0,0,1,0,0,0
352,2011-12-19,3403,0,0.27666666666666667,0.6375000000000001,12,2011,19,Monday,0,0,0,0,0,0,0,0,0,0,1,1,0,0,0,0,0
353,2011-12-20,3750,0,0.3858333333333334,0.5954166666666666,12,2011,20,Tuesday,0,0,0,0,0,0,0,0,0,0,1,0,0,0,0,1,0
354,2011-12-21,2660,0,0.4283333333333334,0.8583333333333334,12,2011,21,Wednesday,0,0,0,0,0,0,0,0,0,0,1,0,0,0,0,0,1
355,2011-12-22,3068,0,0.42333333333333334,0.7575000000000002,12,2011,22,Thursday,0,0,0,0,0,0,0,0,0,0,1,0,0,0,1,0,0
356,2011-12-23,2209,0,0.37333333333333346,0.6862499999999998,12,2011,23,Friday,0,0,0,0,0,0,0,0,0,0,1,0,0,0,0,0,0
357,2011-12-24,1011,0,0.3025,0.5425000000000001,12,2011,24,Saturday,0,0,0,0,0,0,0,0,0,0,1,0,1,0,0,0,0
358,2011-12-25,754,0,0.27478260869565213,0.6813043478260868,12,2011,25,Sunday,0,0,0,0,0,0,0,0,0,0,1,0,0,1,0,0,0
359,2011-12-26,1317,1,0.3217391304347825,0.5069565217391304,12,2011,26,Monday,0,0,0,0,0,0,0,0,0,0,1,1,0,0,0,0,0
360,2011-12-27,1162,0,0.325,0.7625000000000001,12,2011,27,Tuesday,0,0,0,0,0,0,0,0,0,0,1,0,0,0,0,1,0
361,2011-12-28,2302,0,0.2991304347826087,0.5039130434782608,12,2011,28,Wednesday,0,0,0,0,0,0,0,0,0,0,1,0,0,0,0,0,1
362,2011-12-29,2423,0,0.24833333333333332,0.5741666666666666,12,2011,29,Thursday,0,0,0,0,0,0,0,0,0,0,1,0,0,0,1,0,0
363,2011-12-30,2999,0,0.31166666666666665,0.6366666666666667,12,2011,30,Friday,0,0,0,0,0,0,0,0,0,0,1,0,0,0,0,0,0
364,2011-12-31,2485,0,0.4100000000000001,0.6158333333333332,12,2011,31,Saturday,0,0,0,0,0,0,0,0,0,0,1,0,1,0,0,0,0
365,2012-01-01,2294,0,0.37000000000000005,0.6925,1,2012,1,Sunday,0,0,0,0,0,0,0,0,0,0,0,0,0,1,0,0,0
366,2012-01-02,1951,1,0.27304347826086955,0.38130434782608696,1,2012,2,Monday,0,0,0,0,0,0,0,0,0,0,0,1,0,0,0,0,0
367,2012-01-03,2236,0,0.15000000000000005,0.44125,1,2012,3,Tuesday,0,0,0,0,0,0,0,0,0,0,0,0,0,0,0,1,0
368,2012-01-04,2368,0,0.1075,0.41458333333333336,1,2012,4,Wednesday,0,0,0,0,0,0,0,0,0,0,0,0,0,0,0,0,1
369,2012-01-05,3272,0,0.2658333333333333,0.5241666666666666,1,2012,5,Thursday,0,0,0,0,0,0,0,0,0,0,0,0,0,0,1,0,0
370,2012-01-06,4098,0,0.33416666666666667,0.5420833333333333,1,2012,6,Friday,0,0,0,0,0,0,0,0,0,0,0,0,0,0,0,0,0
371,2012-01-07,4521,0,0.39333333333333326,0.5316666666666666,1,2012,7,Saturday,0,0,0,0,0,0,0,0,0,0,0,0,1,0,0,0,0
372,2012-01-08,3425,0,0.3375000000000001,0.4650000000000001,1,2012,8,Sunday,0,0,0,0,0,0,0,0,0,0,0,0,0,1,0,0,0
373,2012-01-09,2376,0,0.2241666666666667,0.7016666666666665,1,2012,9,Monday,0,0,0,0,0,0,0,0,0,0,0,1,0,0,0,0,0
374,2012-01-10,3598,0,0.30869565217391304,0.646521739130435,1,2012,10,Tuesday,0,0,0,0,0,0,0,0,0,0,0,0,0,0,0,1,0
375,2012-01-11,2177,0,0.2741666666666666,0.8475,1,2012,11,Wednesday,0,0,0,0,0,0,0,0,0,0,0,0,0,0,0,0,1
376,2012-01-12,4097,0,0.3825,0.802916666666667,1,2012,12,Thursday,0,0,0,0,0,0,0,0,0,0,0,0,0,0,1,0,0
377,2012-01-13,3214,0,0.27416666666666667,0.5075000000000002,1,2012,13,Friday,0,0,0,0,0,0,0,0,0,0,0,0,0,0,0,0,0
378,2012-01-14,2493,0,0.18000000000000008,0.4575000000000001,1,2012,14,Saturday,0,0,0,0,0,0,0,0,0,0,0,0,1,0,0,0,0
379,2012-01-15,2311,0,0.16666666666666674,0.41916666666666663,1,2012,15,Sunday,0,0,0,0,0,0,0,0,0,0,0,0,0,1,0,0,0
380,2012-01-16,2298,1,0.18999999999999995,0.5225,1,2012,16,Monday,0,0,0,0,0,0,0,0,0,0,0,1,0,0,0,0,0
381,2012-01-17,2935,0,0.37304347826086964,0.7160869565217393,1,2012,17,Tuesday,0,0,0,0,0,0,0,0,0,0,0,0,0,0,0,1,0
382,2012-01-18,3376,0,0.3033333333333333,0.4433333333333333,1,2012,18,Wednesday,0,0,0,0,0,0,0,0,0,0,0,0,0,0,0,0,1
383,2012-01-19,3292,0,0.18999999999999995,0.4974999999999999,1,2012,19,Thursday,0,0,0,0,0,0,0,0,0,0,0,0,0,0,1,0,0
384,2012-01-20,3163,0,0.2175000000000001,0.4499999999999999,1,2012,20,Friday,0,0,0,0,0,0,0,0,0,0,0,0,0,0,0,0,0
385,2012-01-21,1301,0,0.17333333333333337,0.8312500000000002,1,2012,21,Saturday,0,0,0,0,0,0,0,0,0,0,0,0,1,0,0,0,0
386,2012-01-22,1977,0,0.16250000000000006,0.7962500000000001,1,2012,22,Sunday,0,0,0,0,0,0,0,0,0,0,0,0,0,1,0,0,0
387,2012-01-23,2432,0,0.21833333333333335,0.9112499999999999,1,2012,23,Monday,0,0,0,0,0,0,0,0,0,0,0,1,0,0,0,0,0
388,2012-01-24,4339,0,0.3425000000000001,0.8358333333333334,1,2012,24,Tuesday,0,0,0,0,0,0,0,0,0,0,0,0,0,0,0,1,0
389,2012-01-25,4270,0,0.2941666666666667,0.6437499999999999,1,2012,25,Wednesday,0,0,0,0,0,0,0,0,0,0,0,0,0,0,0,0,1
390,2012-01-26,4075,0,0.34166666666666673,0.7695833333333336,1,2012,26,Thursday,0,0,0,0,0,0,0,0,0,0,0,0,0,0,1,0,0
391,2012-01-27,3456,0,0.42500000000000004,0.74125,1,2012,27,Friday,0,0,0,0,0,0,0,0,0,0,0,0,0,0,0,0,0
392,2012-01-28,4023,0,0.31583333333333335,0.5433333333333333,1,2012,28,Saturday,0,0,0,0,0,0,0,0,0,0,0,0,1,0,0,0,0
393,2012-01-29,3243,0,0.28250000000000003,0.31124999999999997,1,2012,29,Sunday,0,0,0,0,0,0,0,0,0,0,0,0,0,1,0,0,0
394,2012-01-30,3624,0,0.2691666666666666,0.4008333333333333,1,2012,30,Monday,0,0,0,0,0,0,0,0,0,0,0,1,0,0,0,0,0
395,2012-01-31,4509,0,0.38999999999999996,0.4166666666666666,1,2012,31,Tuesday,0,0,0,0,0,0,0,0,0,0,0,0,0,0,0,1,0
396,2012-02-01,4579,0,0.46916666666666673,0.5079166666666667,2,2012,1,Wednesday,1,0,0,0,0,0,0,0,0,0,0,0,0,0,0,0,1
397,2012-02-02,3761,0,0.39916666666666667,0.6729166666666667,2,2012,2,Thursday,1,0,0,0,0,0,0,0,0,0,0,0,0,0,1,0,0
398,2012-02-03,4151,0,0.31333333333333335,0.5266666666666667,2,2012,3,Friday,1,0,0,0,0,0,0,0,0,0,0,0,0,0,0,0,0
399,2012-02-04,2832,0,0.26416666666666666,0.7795833333333332,2,2012,4,Saturday,1,0,0,0,0,0,0,0,0,0,0,0,1,0,0,0,0
400,2012-02-05,2947,0,0.2658333333333333,0.6879166666666666,2,2012,5,Sunday,1,0,0,0,0,0,0,0,0,0,0,0,0,1,0,0,0
401,2012-02-06,3784,0,0.2826086956521739,0.6221739130434782,2,2012,6,Monday,1,0,0,0,0,0,0,0,0,0,0,1,0,0,0,0,0
402,2012-02-07,4375,0,0.35416666666666674,0.4962500000000001,2,2012,7,Tuesday,1,0,0,0,0,0,0,0,0,0,0,0,0,0,0,1,0
403,2012-02-08,2802,0,0.2566666666666667,0.7229166666666665,2,2012,8,Wednesday,1,0,0,0,0,0,0,0,0,0,0,0,0,0,0,0,1
404,2012-02-09,3830,0,0.26499999999999996,0.5620833333333333,2,2012,9,Thursday,1,0,0,0,0,0,0,0,0,0,0,0,0,0,1,0,0
405,2012-02-10,3831,0,0.2808333333333333,0.5399999999999999,2,2012,10,Friday,1,0,0,0,0,0,0,0,0,0,0,0,0,0,0,0,0
406,2012-02-11,2169,0,0.22416666666666663,0.7312500000000001,2,2012,11,Saturday,1,0,0,0,0,0,0,0,0,0,0,0,1,0,0,0,0
407,2012-02-12,1529,0,0.12750000000000003,0.46458333333333335,2,2012,12,Sunday,1,0,0,0,0,0,0,0,0,0,0,0,0,1,0,0,0
408,2012-02-13,3422,0,0.2225,0.41125000000000006,2,2012,13,Monday,1,0,0,0,0,0,0,0,0,0,0,1,0,0,0,0,0
409,2012-02-14,3922,0,0.31916666666666665,0.5087500000000001,2,2012,14,Tuesday,1,0,0,0,0,0,0,0,0,0,0,0,0,0,0,1,0
410,2012-02-15,4169,0,0.34833333333333333,0.5312500000000001,2,2012,15,Wednesday,1,0,0,0,0,0,0,0,0,0,0,0,0,0,0,0,1
411,2012-02-16,3005,0,0.31666666666666665,0.7529166666666666,2,2012,16,Thursday,1,0,0,0,0,0,0,0,0,0,0,0,0,0,1,0,0
412,2012-02-17,4154,0,0.3433333333333333,0.6345833333333333,2,2012,17,Friday,1,0,0,0,0,0,0,0,0,0,0,0,0,0,0,0,0
413,2012-02-18,4318,0,0.3466666666666667,0.5345833333333333,2,2012,18,Saturday,1,0,0,0,0,0,0,0,0,0,0,0,1,0,0,0,0
414,2012-02-19,2689,0,0.27999999999999997,0.5158333333333334,2,2012,19,Sunday,1,0,0,0,0,0,0,0,0,0,0,0,0,1,0,0,0
415,2012-02-20,3129,1,0.2799999999999999,0.5078260869565216,2,2012,20,Monday,1,0,0,0,0,0,0,0,0,0,0,1,0,0,0,0,0
416,2012-02-21,3777,0,0.28782608695652173,0.5943478260869566,2,2012,21,Tuesday,1,0,0,0,0,0,0,0,0,0,0,0,0,0,0,1,0
417,2012-02-22,4773,0,0.3958333333333334,0.5679166666666665,2,2012,22,Wednesday,1,0,0,0,0,0,0,0,0,0,0,0,0,0,0,0,1
418,2012-02-23,5062,0,0.45416666666666655,0.5545833333333333,2,2012,23,Thursday,1,0,0,0,0,0,0,0,0,0,0,0,0,0,1,0,0
419,2012-02-24,3487,0,0.40750000000000003,0.7375000000000002,2,2012,24,Friday,1,0,0,0,0,0,0,0,0,0,0,0,0,0,0,0,0
420,2012-02-25,2732,0,0.29083333333333333,0.3958333333333333,2,2012,25,Saturday,1,0,0,0,0,0,0,0,0,0,0,0,1,0,0,0,0
421,2012-02-26,3389,0,0.2791666666666667,0.41,2,2012,26,Sunday,1,0,0,0,0,0,0,0,0,0,0,0,0,1,0,0,0
422,2012-02-27,4322,0,0.36666666666666664,0.4908333333333332,2,2012,27,Monday,1,0,0,0,0,0,0,0,0,0,0,1,0,0,0,0,0
423,2012-02-28,4363,0,0.3591666666666667,0.3958333333333334,2,2012,28,Tuesday,1,0,0,0,0,0,0,0,0,0,0,0,0,0,0,1,0
424,2012-02-29,1834,0,0.3443478260869566,0.8047826086956522,2,2012,29,Wednesday,1,0,0,0,0,0,0,0,0,0,0,0,0,0,0,0,1
425,2012-03-01,4990,0,0.4858333333333334,0.6154166666666666,3,2012,1,Thursday,0,1,0,0,0,0,0,0,0,0,0,0,0,0,1,0,0
426,2012-03-02,3194,0,0.35333333333333333,0.6570833333333331,3,2012,2,Friday,0,1,0,0,0,0,0,0,0,0,0,0,0,0,0,0,0
427,2012-03-03,4066,0,0.41416666666666674,0.6212499999999999,3,2012,3,Saturday,0,1,0,0,0,0,0,0,0,0,0,0,1,0,0,0,0
428,2012-03-04,3423,0,0.32583333333333336,0.4033333333333334,3,2012,4,Sunday,0,1,0,0,0,0,0,0,0,0,0,0,0,1,0,0,0
429,2012-03-05,3333,0,0.24333333333333326,0.5062499999999998,3,2012,5,Monday,0,1,0,0,0,0,0,0,0,0,0,1,0,0,0,0,0
430,2012-03-06,3956,0,0.25833333333333336,0.4566666666666668,3,2012,6,Tuesday,0,1,0,0,0,0,0,0,0,0,0,0,0,0,0,1,0
431,2012-03-07,4916,0,0.4041666666666666,0.5133333333333333,3,2012,7,Wednesday,0,1,0,0,0,0,0,0,0,0,0,0,0,0,0,0,1
432,2012-03-08,5382,0,0.5274999999999999,0.5675,3,2012,8,Thursday,0,1,0,0,0,0,0,0,0,0,0,0,0,0,1,0,0
433,2012-03-09,4569,0,0.4108333333333334,0.4070833333333334,3,2012,9,Friday,0,1,0,0,0,0,0,0,0,0,0,0,0,0,0,0,0
434,2012-03-10,4118,0,0.28750000000000003,0.35041666666666665,3,2012,10,Saturday,0,1,0,0,0,0,0,0,0,0,0,0,1,0,0,0,0
435,2012-03-11,4911,0,0.3617391304347826,0.4769565217391304,3,2012,11,Sunday,0,1,0,0,0,0,0,0,0,0,0,0,0,1,0,0,0
436,2012-03-12,5298,0,0.4666666666666668,0.4891666666666668,3,2012,12,Monday,0,1,0,0,0,0,0,0,0,0,0,1,0,0,0,0,0
437,2012-03-13,5847,0,0.565,0.6175,3,2012,13,Tuesday,0,1,0,0,0,0,0,0,0,0,0,0,0,0,0,1,0
438,2012-03-14,6312,0,0.5725,0.5070833333333333,3,2012,14,Wednesday,0,1,0,0,0,0,0,0,0,0,0,0,0,0,0,0,1
439,2012-03-15,6192,0,0.5575000000000001,0.5795833333333332,3,2012,15,Thursday,0,1,0,0,0,0,0,0,0,0,0,0,0,0,1,0,0
440,2012-03-16,4378,0,0.43583333333333335,0.8420833333333334,3,2012,16,Friday,0,1,0,0,0,0,0,0,0,0,0,0,0,0,0,0,0
441,2012-03-17,7836,0,0.5141666666666667,0.7558333333333332,3,2012,17,Saturday,0,1,0,0,0,0,0,0,0,0,0,0,1,0,0,0,0
442,2012-03-18,5892,0,0.4725000000000001,0.81,3,2012,18,Sunday,0,1,0,0,0,0,0,0,0,0,0,0,0,1,0,0,0
443,2012-03-19,6153,0,0.545,0.7287500000000001,3,2012,19,Monday,0,1,0,0,0,0,0,0,0,0,0,1,0,0,0,0,0
444,2012-03-20,6093,0,0.5608333333333332,0.8079166666666665,3,2012,20,Tuesday,0,1,0,0,0,0,0,0,0,0,0,0,0,0,0,1,0
445,2012-03-21,6230,0,0.5316666666666666,0.8212499999999997,3,2012,21,Wednesday,0,1,0,0,0,0,0,0,0,0,0,0,0,0,0,0,1
446,2012-03-22,6871,0,0.5541666666666667,0.8312499999999998,3,2012,22,Thursday,0,1,0,0,0,0,0,0,0,0,0,0,0,0,1,0,0
447,2012-03-23,8362,0,0.6016666666666667,0.6941666666666667,3,2012,23,Friday,0,1,0,0,0,0,0,0,0,0,0,0,0,0,0,0,0
448,2012-03-24,3372,0,0.5025,0.8854166666666669,3,2012,24,Saturday,0,1,0,0,0,0,0,0,0,0,0,0,1,0,0,0,0
449,2012-03-25,4996,0,0.43750000000000017,0.8808333333333332,3,2012,25,Sunday,0,1,0,0,0,0,0,0,0,0,0,0,0,1,0,0,0
450,2012-03-26,5558,0,0.44583333333333347,0.4779166666666666,3,2012,26,Monday,0,1,0,0,0,0,0,0,0,0,0,1,0,0,0,0,0
451,2012-03-27,5102,0,0.32333333333333336,0.2900000000000001,3,2012,27,Tuesday,0,1,0,0,0,0,0,0,0,0,0,0,0,0,0,1,0
452,2012-03-28,5698,0,0.4841666666666667,0.48125,3,2012,28,Wednesday,0,1,0,0,0,0,0,0,0,0,0,0,0,0,0,0,1
453,2012-03-29,6133,0,0.49416666666666664,0.4391666666666667,3,2012,29,Thursday,0,1,0,0,0,0,0,0,0,0,0,0,0,0,1,0,0
454,2012-03-30,5459,0,0.37000000000000005,0.5808333333333332,3,2012,30,Friday,0,1,0,0,0,0,0,0,0,0,0,0,0,0,0,0,0
455,2012-03-31,6235,0,0.42416666666666675,0.7383333333333336,3,2012,31,Saturday,0,1,0,0,0,0,0,0,0,0,0,0,1,0,0,0,0
456,2012-04-01,6041,0,0.4258333333333333,0.6762500000000001,4,2012,1,Sunday,0,0,1,0,0,0,0,0,0,0,0,0,0,1,0,0,0
457,2012-04-02,5936,0,0.4339130434782609,0.5043478260869564,4,2012,2,Monday,0,0,1,0,0,0,0,0,0,0,0,1,0,0,0,0,0
458,2012-04-03,6772,0,0.4666666666666666,0.39666666666666667,4,2012,3,Tuesday,0,0,1,0,0,0,0,0,0,0,0,0,0,0,0,1,0
459,2012-04-04,6436,0,0.5416666666666666,0.4695833333333333,4,2012,4,Wednesday,0,0,1,0,0,0,0,0,0,0,0,0,0,0,0,0,1
460,2012-04-05,6457,0,0.43500000000000005,0.3741666666666666,4,2012,5,Thursday,0,0,1,0,0,0,0,0,0,0,0,0,0,0,1,0,0
461,2012-04-06,6460,0,0.4033333333333333,0.37708333333333344,4,2012,6,Friday,0,0,1,0,0,0,0,0,0,0,0,0,0,0,0,0,0
462,2012-04-07,6857,0,0.4375,0.25416666666666676,4,2012,7,Saturday,0,0,1,0,0,0,0,0,0,0,0,0,1,0,0,0,0
463,2012-04-08,5169,0,0.49999999999999994,0.2758333333333334,4,2012,8,Sunday,0,0,1,0,0,0,0,0,0,0,0,0,0,1,0,0,0
464,2012-04-09,5585,0,0.4891666666666667,0.31750000000000006,4,2012,9,Monday,0,0,1,0,0,0,0,0,0,0,0,1,0,0,0,0,0
465,2012-04-10,5918,0,0.4466666666666666,0.43500000000000005,4,2012,10,Tuesday,0,0,1,0,0,0,0,0,0,0,0,0,0,0,0,1,0
466,2012-04-11,4862,0,0.34869565217391313,0.46956521739130447,4,2012,11,Wednesday,0,0,1,0,0,0,0,0,0,0,0,0,0,0,0,0,1
467,2012-04-12,5409,0,0.3975,0.46625000000000005,4,2012,12,Thursday,0,0,1,0,0,0,0,0,0,0,0,0,0,0,1,0,0
468,2012-04-13,6398,0,0.4424999999999999,0.4083333333333332,4,2012,13,Friday,0,0,1,0,0,0,0,0,0,0,0,0,0,0,0,0,0
469,2012-04-14,7460,0,0.49499999999999983,0.5029166666666666,4,2012,14,Saturday,0,0,1,0,0,0,0,0,0,0,0,0,1,0,0,0,0
470,2012-04-15,7132,0,0.6066666666666666,0.5079166666666668,4,2012,15,Sunday,0,0,1,0,0,0,0,0,0,0,0,0,0,1,0,0,0
471,2012-04-16,6370,1,0.6641666666666667,0.5616666666666665,4,2012,16,Monday,0,0,1,0,0,0,0,0,0,0,0,1,0,0,0,0,0
472,2012-04-17,6691,0,0.6083333333333333,0.3904166666666667,4,2012,17,Tuesday,0,0,1,0,0,0,0,0,0,0,0,0,0,0,0,1,0
473,2012-04-18,4367,0,0.4633333333333334,0.5691666666666665,4,2012,18,Wednesday,0,0,1,0,0,0,0,0,0,0,0,0,0,0,0,0,1
474,2012-04-19,6565,0,0.49833333333333324,0.6125000000000002,4,2012,19,Thursday,0,0,1,0,0,0,0,0,0,0,0,0,0,0,1,0,0
475,2012-04-20,7290,0,0.5266666666666665,0.6945833333333332,4,2012,20,Friday,0,0,1,0,0,0,0,0,0,0,0,0,0,0,0,0,0
476,2012-04-21,6624,0,0.5700000000000001,0.6829166666666668,4,2012,21,Saturday,0,0,1,0,0,0,0,0,0,0,0,0,1,0,0,0,0
477,2012-04-22,1027,0,0.39666666666666656,0.8354166666666666,4,2012,22,Sunday,0,0,1,0,0,0,0,0,0,0,0,0,0,1,0,0,0
478,2012-04-23,3214,0,0.3216666666666667,0.7666666666666667,4,2012,23,Monday,0,0,1,0,0,0,0,0,0,0,0,1,0,0,0,0,0
479,2012-04-24,5633,0,0.41333333333333333,0.45416666666666666,4,2012,24,Tuesday,0,0,1,0,0,0,0,0,0,0,0,0,0,0,0,1,0
480,2012-04-25,6196,0,0.47666666666666657,0.42791666666666667,4,2012,25,Wednesday,0,0,1,0,0,0,0,0,0,0,0,0,0,0,0,0,1
481,2012-04-26,5026,0,0.49833333333333324,0.7566666666666664,4,2012,26,Thursday,0,0,1,0,0,0,0,0,0,0,0,0,0,0,1,0,0
482,2012-04-27,6233,0,0.45749999999999996,0.40083333333333343,4,2012,27,Friday,0,0,1,0,0,0,0,0,0,0,0,0,0,0,0,0,0
483,2012-04-28,4220,0,0.3766666666666667,0.4895833333333334,4,2012,28,Saturday,0,0,1,0,0,0,0,0,0,0,0,0,1,0,0,0,0
484,2012-04-29,6304,0,0.4583333333333333,0.5870833333333332,4,2012,29,Sunday,0,0,1,0,0,0,0,0,0,0,0,0,0,1,0,0,0
485,2012-04-30,5572,0,0.46416666666666667,0.5700000000000001,4,2012,30,Monday,0,0,1,0,0,0,0,0,0,0,0,1,0,0,0,0,0
486,2012-05-01,5740,0,0.6133333333333334,0.6595833333333332,5,2012,1,Tuesday,0,0,0,1,0,0,0,0,0,0,0,0,0,0,0,1,0
487,2012-05-02,6169,0,0.5641666666666668,0.7970833333333335,5,2012,2,Wednesday,0,0,0,1,0,0,0,0,0,0,0,0,0,0,0,0,1
488,2012-05-03,6421,0,0.5599999999999998,0.7683333333333332,5,2012,3,Thursday,0,0,0,1,0,0,0,0,0,0,0,0,0,0,1,0,0
489,2012-05-04,6296,0,0.6275,0.7354166666666665,5,2012,4,Friday,0,0,0,1,0,0,0,0,0,0,0,0,0,0,0,0,0
490,2012-05-05,6883,0,0.6216666666666666,0.7566666666666667,5,2012,5,Saturday,0,0,0,1,0,0,0,0,0,0,0,0,1,0,0,0,0
491,2012-05-06,6359,0,0.5624999999999998,0.7400000000000001,5,2012,6,Sunday,0,0,0,1,0,0,0,0,0,0,0,0,0,1,0,0,0
492,2012-05-07,6273,0,0.5374999999999998,0.6641666666666665,5,2012,7,Monday,0,0,0,1,0,0,0,0,0,0,0,1,0,0,0,0,0
493,2012-05-08,5728,0,0.5816666666666667,0.6858333333333332,5,2012,8,Tuesday,0,0,0,1,0,0,0,0,0,0,0,0,0,0,0,1,0
494,2012-05-09,4717,0,0.5750000000000001,0.7441666666666665,5,2012,9,Wednesday,0,0,0,1,0,0,0,0,0,0,0,0,0,0,0,0,1
495,2012-05-10,6572,0,0.5058333333333332,0.5520833333333334,5,2012,10,Thursday,0,0,0,1,0,0,0,0,0,0,0,0,0,0,1,0,0
496,2012-05-11,7030,0,0.5333333333333333,0.3604166666666668,5,2012,11,Friday,0,0,0,1,0,0,0,0,0,0,0,0,0,0,0,0,0
497,2012-05-12,7429,0,0.5641666666666666,0.4804166666666667,5,2012,12,Saturday,0,0,0,1,0,0,0,0,0,0,0,0,1,0,0,0,0
498,2012-05-13,6118,0,0.6124999999999999,0.5762499999999998,5,2012,13,Sunday,0,0,0,1,0,0,0,0,0,0,0,0,0,1,0,0,0
499,2012-05-14,2843,0,0.5733333333333334,0.7895833333333334,5,2012,14,Monday,0,0,0,1,0,0,0,0,0,0,0,1,0,0,0,0,0
500,2012-05-15,5115,0,0.6116666666666667,0.7945833333333333,5,2012,15,Tuesday,0,0,0,1,0,0,0,0,0,0,0,0,0,0,0,1,0
501,2012-05-16,7424,0,0.6366666666666668,0.6979166666666665,5,2012,16,Wednesday,0,0,0,1,0,0,0,0,0,0,0,0,0,0,0,0,1
502,2012-05-17,7384,0,0.5933333333333334,0.5200000000000001,5,2012,17,Thursday,0,0,0,1,0,0,0,0,0,0,0,0,0,0,1,0,0
503,2012-05-18,7639,0,0.5641666666666666,0.5233333333333333,5,2012,18,Friday,0,0,0,1,0,0,0,0,0,0,0,0,0,0,0,0,0
504,2012-05-19,8294,0,0.6000000000000001,0.45625000000000004,5,2012,19,Saturday,0,0,0,1,0,0,0,0,0,0,0,0,1,0,0,0,0
505,2012-05-20,7129,0,0.6208333333333333,0.5304166666666666,5,2012,20,Sunday,0,0,0,1,0,0,0,0,0,0,0,0,0,1,0,0,0
506,2012-05-21,4359,0,0.5983333333333333,0.8112500000000002,5,2012,21,Monday,0,0,0,1,0,0,0,0,0,0,0,1,0,0,0,0,0
507,2012-05-22,6073,0,0.6149999999999999,0.7658333333333331,5,2012,22,Tuesday,0,0,0,1,0,0,0,0,0,0,0,0,0,0,0,1,0
508,2012-05-23,5260,0,0.6216666666666665,0.7745833333333331,5,2012,23,Wednesday,0,0,0,1,0,0,0,0,0,0,0,0,0,0,0,0,1
509,2012-05-24,6770,0,0.6550000000000001,0.7166666666666668,5,2012,24,Thursday,0,0,0,1,0,0,0,0,0,0,0,0,0,0,1,0,0
510,2012-05-25,6734,0,0.6799999999999998,0.7470833333333332,5,2012,25,Friday,0,0,0,1,0,0,0,0,0,0,0,0,0,0,0,0,0
511,2012-05-26,6536,0,0.6924999999999999,0.7324999999999999,5,2012,26,Saturday,0,0,0,1,0,0,0,0,0,0,0,0,1,0,0,0,0
512,2012-05-27,6591,0,0.6899999999999998,0.6970833333333334,5,2012,27,Sunday,0,0,0,1,0,0,0,0,0,0,0,0,0,1,0,0,0
513,2012-05-28,6043,1,0.7125,0.6762500000000001,5,2012,28,Monday,0,0,0,1,0,0,0,0,0,0,0,1,0,0,0,0,0
514,2012-05-29,5743,0,0.7225000000000001,0.6845833333333334,5,2012,29,Tuesday,0,0,0,1,0,0,0,0,0,0,0,0,0,0,0,1,0
515,2012-05-30,6855,0,0.6566666666666667,0.6699999999999999,5,2012,30,Wednesday,0,0,0,1,0,0,0,0,0,0,0,0,0,0,0,0,1
516,2012-05-31,7338,0,0.68,0.4929166666666666,5,2012,31,Thursday,0,0,0,1,0,0,0,0,0,0,0,0,0,0,1,0,0
517,2012-06-01,4127,0,0.6541666666666666,0.7554166666666666,6,2012,1,Friday,0,0,0,0,1,0,0,0,0,0,0,0,0,0,0,0,0
518,2012-06-02,8120,0,0.5833333333333335,0.5491666666666667,6,2012,2,Saturday,0,0,0,0,1,0,0,0,0,0,0,0,1,0,0,0,0
519,2012-06-03,7641,0,0.6024999999999998,0.49333333333333323,6,2012,3,Sunday,0,0,0,0,1,0,0,0,0,0,0,0,0,1,0,0,0
520,2012-06-04,6998,0,0.5975,0.4870833333333335,6,2012,4,Monday,0,0,0,0,1,0,0,0,0,0,0,1,0,0,0,0,0
521,2012-06-05,7001,0,0.5408333333333334,0.6133333333333335,6,2012,5,Tuesday,0,0,0,0,1,0,0,0,0,0,0,0,0,0,0,1,0
522,2012-06-06,7055,0,0.5541666666666666,0.61125,6,2012,6,Wednesday,0,0,0,0,1,0,0,0,0,0,0,0,0,0,0,0,1
523,2012-06-07,7494,0,0.6025,0.5670833333333333,6,2012,7,Thursday,0,0,0,0,1,0,0,0,0,0,0,0,0,0,1,0,0
524,2012-06-08,7736,0,0.6491666666666667,0.46791666666666654,6,2012,8,Friday,0,0,0,0,1,0,0,0,0,0,0,0,0,0,0,0,0
525,2012-06-09,7498,0,0.7108333333333334,0.4370833333333333,6,2012,9,Saturday,0,0,0,0,1,0,0,0,0,0,0,0,1,0,0,0,0
526,2012-06-10,6598,0,0.7266666666666666,0.5383333333333334,6,2012,10,Sunday,0,0,0,0,1,0,0,0,0,0,0,0,0,1,0,0,0
527,2012-06-11,6664,0,0.7208333333333335,0.5879166666666668,6,2012,11,Monday,0,0,0,0,1,0,0,0,0,0,0,1,0,0,0,0,0
528,2012-06-12,4972,0,0.6533333333333333,0.8333333333333334,6,2012,12,Tuesday,0,0,0,0,1,0,0,0,0,0,0,0,0,0,0,1,0
529,2012-06-13,7421,0,0.6558333333333334,0.5820833333333332,6,2012,13,Wednesday,0,0,0,0,1,0,0,0,0,0,0,0,0,0,0,0,1
530,2012-06-14,7363,0,0.6483333333333333,0.5695833333333334,6,2012,14,Thursday,0,0,0,0,1,0,0,0,0,0,0,0,0,0,1,0,0
531,2012-06-15,7665,0,0.6391666666666668,0.5895833333333332,6,2012,15,Friday,0,0,0,0,1,0,0,0,0,0,0,0,0,0,0,0,0
532,2012-06-16,7702,0,0.6316666666666667,0.5041666666666664,6,2012,16,Saturday,0,0,0,0,1,0,0,0,0,0,0,0,1,0,0,0,0
533,2012-06-17,6978,0,0.5925,0.59875,6,2012,17,Sunday,0,0,0,0,1,0,0,0,0,0,0,0,0,1,0,0,0
534,2012-06-18,5099,0,0.5683333333333331,0.7779166666666667,6,2012,18,Monday,0,0,0,0,1,0,0,0,0,0,0,1,0,0,0,0,0
535,2012-06-19,6825,0,0.6883333333333335,0.6900000000000001,6,2012,19,Tuesday,0,0,0,0,1,0,0,0,0,0,0,0,0,0,0,1,0
536,2012-06-20,6211,0,0.7825000000000002,0.5920833333333332,6,2012,20,Wednesday,0,0,0,0,1,0,0,0,0,0,0,0,0,0,0,0,1
537,2012-06-21,5905,0,0.8058333333333335,0.5679166666666665,6,2012,21,Thursday,0,0,0,0,1,0,0,0,0,0,0,0,0,0,1,0,0
538,2012-06-22,5823,0,0.7775000000000002,0.5737500000000002,6,2012,22,Friday,0,0,0,0,1,0,0,0,0,0,0,0,0,0,0,0,0
539,2012-06-23,7458,0,0.7316666666666666,0.5345833333333333,6,2012,23,Saturday,0,0,0,0,1,0,0,0,0,0,0,0,1,0,0,0,0
540,2012-06-24,6891,0,0.7433333333333332,0.4791666666666669,6,2012,24,Sunday,0,0,0,0,1,0,0,0,0,0,0,0,0,1,0,0,0
541,2012-06-25,6779,0,0.7158333333333333,0.5041666666666668,6,2012,25,Monday,0,0,0,0,1,0,0,0,0,0,0,1,0,0,0,0,0
542,2012-06-26,7442,0,0.6308333333333334,0.37333333333333335,6,2012,26,Tuesday,0,0,0,0,1,0,0,0,0,0,0,0,0,0,0,1,0
543,2012-06-27,7335,0,0.6975000000000001,0.36000000000000004,6,2012,27,Wednesday,0,0,0,0,1,0,0,0,0,0,0,0,0,0,0,0,1
544,2012-06-28,6879,0,0.7491666666666666,0.42250000000000004,6,2012,28,Thursday,0,0,0,0,1,0,0,0,0,0,0,0,0,0,1,0,0
545,2012-06-29,5463,0,0.8341666666666668,0.48875,6,2012,29,Friday,0,0,0,0,1,0,0,0,0,0,0,0,0,0,0,0,0
546,2012-06-30,5687,0,0.7650000000000002,0.60125,6,2012,30,Saturday,0,0,0,0,1,0,0,0,0,0,0,0,1,0,0,0,0
547,2012-07-01,5531,0,0.8158333333333335,0.5187499999999999,7,2012,1,Sunday,0,0,0,0,0,1,0,0,0,0,0,0,0,1,0,0,0
548,2012-07-02,6227,0,0.7816666666666664,0.4470833333333333,7,2012,2,Monday,0,0,0,0,0,1,0,0,0,0,0,1,0,0,0,0,0
549,2012-07-03,6660,0,0.7808333333333334,0.4920833333333334,7,2012,3,Tuesday,0,0,0,0,0,1,0,0,0,0,0,0,0,0,0,1,0
550,2012-07-04,7403,1,0.7891666666666667,0.53875,7,2012,4,Wednesday,0,0,0,0,0,1,0,0,0,0,0,0,0,0,0,0,1
551,2012-07-05,6241,0,0.8275,0.4579166666666668,7,2012,5,Thursday,0,0,0,0,0,1,0,0,0,0,0,0,0,0,1,0,0
552,2012-07-06,6207,0,0.8283333333333335,0.4508333333333334,7,2012,6,Friday,0,0,0,0,0,1,0,0,0,0,0,0,0,0,0,0,0
553,2012-07-07,4840,0,0.8616666666666668,0.49208333333333326,7,2012,7,Saturday,0,0,0,0,0,1,0,0,0,0,0,0,1,0,0,0,0
554,2012-07-08,4672,0,0.8225000000000001,0.5737499999999999,7,2012,8,Sunday,0,0,0,0,0,1,0,0,0,0,0,0,0,1,0,0,0
555,2012-07-09,6569,0,0.7108333333333333,0.6833333333333335,7,2012,9,Monday,0,0,0,0,0,1,0,0,0,0,0,1,0,0,0,0,0
556,2012-07-10,6290,0,0.7208333333333333,0.6675000000000001,7,2012,10,Tuesday,0,0,0,0,0,1,0,0,0,0,0,0,0,0,0,1,0
557,2012-07-11,7264,0,0.7166666666666668,0.6333333333333334,7,2012,11,Wednesday,0,0,0,0,0,1,0,0,0,0,0,0,0,0,0,0,1
558,2012-07-12,7446,0,0.7158333333333333,0.5295833333333333,7,2012,12,Thursday,0,0,0,0,0,1,0,0,0,0,0,0,0,0,1,0,0
559,2012-07-13,7499,0,0.7316666666666668,0.48583333333333334,7,2012,13,Friday,0,0,0,0,0,1,0,0,0,0,0,0,0,0,0,0,0
560,2012-07-14,6969,0,0.7033333333333335,0.6991666666666666,7,2012,14,Saturday,0,0,0,0,0,1,0,0,0,0,0,0,1,0,0,0,0
561,2012-07-15,6031,0,0.7458333333333332,0.7179166666666665,7,2012,15,Sunday,0,0,0,0,0,1,0,0,0,0,0,0,0,1,0,0,0
562,2012-07-16,6830,0,0.7633333333333333,0.645,7,2012,16,Monday,0,0,0,0,0,1,0,0,0,0,0,1,0,0,0,0,0
563,2012-07-17,6786,0,0.8183333333333334,0.5058333333333332,7,2012,17,Tuesday,0,0,0,0,0,1,0,0,0,0,0,0,0,0,0,1,0
564,2012-07-18,5713,0,0.7933333333333334,0.5770833333333332,7,2012,18,Wednesday,0,0,0,0,0,1,0,0,0,0,0,0,0,0,0,0,1
565,2012-07-19,6591,0,0.7699999999999999,0.6004166666666668,7,2012,19,Thursday,0,0,0,0,0,1,0,0,0,0,0,0,0,0,1,0,0
566,2012-07-20,5870,0,0.6658333333333332,0.8441666666666663,7,2012,20,Friday,0,0,0,0,0,1,0,0,0,0,0,0,0,0,0,0,0
567,2012-07-21,4459,0,0.5958333333333331,0.8654166666666666,7,2012,21,Saturday,0,0,0,0,0,1,0,0,0,0,0,0,1,0,0,0,0
568,2012-07-22,7410,0,0.6675,0.7624999999999998,7,2012,22,Sunday,0,0,0,0,0,1,0,0,0,0,0,0,0,1,0,0,0
569,2012-07-23,6966,0,0.7416666666666667,0.6941666666666664,7,2012,23,Monday,0,0,0,0,0,1,0,0,0,0,0,1,0,0,0,0,0
570,2012-07-24,7592,0,0.7508333333333334,0.6549999999999999,7,2012,24,Tuesday,0,0,0,0,0,1,0,0,0,0,0,0,0,0,0,1,0
571,2012-07-25,8173,0,0.7241666666666666,0.44999999999999996,7,2012,25,Wednesday,0,0,0,0,0,1,0,0,0,0,0,0,0,0,0,0,1
572,2012-07-26,6861,0,0.7766666666666667,0.5966666666666667,7,2012,26,Thursday,0,0,0,0,0,1,0,0,0,0,0,0,0,0,1,0,0
573,2012-07-27,6904,0,0.7816666666666667,0.5945833333333335,7,2012,27,Friday,0,0,0,0,0,1,0,0,0,0,0,0,0,0,0,0,0
574,2012-07-28,6685,0,0.7558333333333332,0.6133333333333334,7,2012,28,Saturday,0,0,0,0,0,1,0,0,0,0,0,0,1,0,0,0,0
575,2012-07-29,6597,0,0.7216666666666668,0.62375,7,2012,29,Sunday,0,0,0,0,0,1,0,0,0,0,0,0,0,1,0,0,0
576,2012-07-30,7105,0,0.7308333333333334,0.6687500000000001,7,2012,30,Monday,0,0,0,0,0,1,0,0,0,0,0,1,0,0,0,0,0
577,2012-07-31,7216,0,0.7133333333333334,0.7041666666666666,7,2012,31,Tuesday,0,0,0,0,0,1,0,0,0,0,0,0,0,0,0,1,0
578,2012-08-01,7580,0,0.7175000000000001,0.6775000000000001,8,2012,1,Wednesday,0,0,0,0,0,0,1,0,0,0,0,0,0,0,0,0,1
579,2012-08-02,7261,0,0.7525,0.6595833333333333,8,2012,2,Thursday,0,0,0,0,0,0,1,0,0,0,0,0,0,0,1,0,0
580,2012-08-03,7175,0,0.7658333333333335,0.6425000000000001,8,2012,3,Friday,0,0,0,0,0,0,1,0,0,0,0,0,0,0,0,0,0
581,2012-08-04,6824,0,0.7933333333333336,0.6133333333333333,8,2012,4,Saturday,0,0,0,0,0,0,1,0,0,0,0,0,1,0,0,0,0
582,2012-08-05,5464,0,0.7691666666666666,0.6525,8,2012,5,Sunday,0,0,0,0,0,0,1,0,0,0,0,0,0,1,0,0,0
583,2012-08-06,7013,0,0.7525,0.6541666666666668,8,2012,6,Monday,0,0,0,0,0,0,1,0,0,0,0,1,0,0,0,0,0
584,2012-08-07,7273,0,0.7358333333333333,0.7037499999999999,8,2012,7,Tuesday,0,0,0,0,0,0,1,0,0,0,0,0,0,0,0,1,0
585,2012-08-08,7534,0,0.75,0.6729166666666666,8,2012,8,Wednesday,0,0,0,0,0,0,1,0,0,0,0,0,0,0,0,0,1
586,2012-08-09,7286,0,0.7558333333333334,0.6204166666666667,8,2012,9,Thursday,0,0,0,0,0,0,1,0,0,0,0,0,0,0,1,0,0
587,2012-08-10,5786,0,0.7158333333333333,0.7158333333333332,8,2012,10,Friday,0,0,0,0,0,0,1,0,0,0,0,0,0,0,0,0,0
588,2012-08-11,6299,0,0.6925,0.7329166666666668,8,2012,11,Saturday,0,0,0,0,0,0,1,0,0,0,0,0,1,0,0,0,0
589,2012-08-12,6544,0,0.7008333333333333,0.5304166666666666,8,2012,12,Sunday,0,0,0,0,0,0,1,0,0,0,0,0,0,1,0,0,0
590,2012-08-13,6883,0,0.7208333333333333,0.5454166666666665,8,2012,13,Monday,0,0,0,0,0,0,1,0,0,0,0,1,0,0,0,0,0
591,2012-08-14,6784,0,0.7266666666666666,0.6866666666666665,8,2012,14,Tuesday,0,0,0,0,0,0,1,0,0,0,0,0,0,0,0,1,0
592,2012-08-15,7347,0,0.7066666666666666,0.6195833333333334,8,2012,15,Wednesday,0,0,0,0,0,0,1,0,0,0,0,0,0,0,0,0,1
593,2012-08-16,7605,0,0.7191666666666667,0.5191666666666667,8,2012,16,Thursday,0,0,0,0,0,0,1,0,0,0,0,0,0,0,1,0,0
594,2012-08-17,7148,0,0.7233333333333335,0.5708333333333334,8,2012,17,Friday,0,0,0,0,0,0,1,0,0,0,0,0,0,0,0,0,0
595,2012-08-18,7865,0,0.6783333333333332,0.6033333333333332,8,2012,18,Saturday,0,0,0,0,0,0,1,0,0,0,0,0,1,0,0,0,0
596,2012-08-19,4549,0,0.6358333333333334,0.7116666666666666,8,2012,19,Sunday,0,0,0,0,0,0,1,0,0,0,0,0,0,1,0,0,0
597,2012-08-20,6530,0,0.6358333333333331,0.7341666666666664,8,2012,20,Monday,0,0,0,0,0,0,1,0,0,0,0,1,0,0,0,0,0
598,2012-08-21,7006,0,0.6491666666666666,0.67375,8,2012,21,Tuesday,0,0,0,0,0,0,1,0,0,0,0,0,0,0,0,1,0
599,2012-08-22,7375,0,0.6675,0.6770833333333334,8,2012,22,Wednesday,0,0,0,0,0,0,1,0,0,0,0,0,0,0,0,0,1
600,2012-08-23,7765,0,0.6958333333333333,0.6358333333333334,8,2012,23,Thursday,0,0,0,0,0,0,1,0,0,0,0,0,0,0,1,0,0
601,2012-08-24,7582,0,0.7025,0.6149999999999999,8,2012,24,Friday,0,0,0,0,0,0,1,0,0,0,0,0,0,0,0,0,0
602,2012-08-25,6053,0,0.6616666666666666,0.7129166666666665,8,2012,25,Saturday,0,0,0,0,0,0,1,0,0,0,0,0,1,0,0,0,0
603,2012-08-26,5255,0,0.6533333333333334,0.8458333333333332,8,2012,26,Sunday,0,0,0,0,0,0,1,0,0,0,0,0,0,1,0,0,0
604,2012-08-27,6917,0,0.7033333333333335,0.7304166666666667,8,2012,27,Monday,0,0,0,0,0,0,1,0,0,0,0,1,0,0,0,0,0
605,2012-08-28,7040,0,0.7283333333333334,0.62,8,2012,28,Tuesday,0,0,0,0,0,0,1,0,0,0,0,0,0,0,0,1,0
606,2012-08-29,7697,0,0.6849999999999999,0.5520833333333331,8,2012,29,Wednesday,0,0,0,0,0,0,1,0,0,0,0,0,0,0,0,0,1
607,2012-08-30,7713,0,0.7066666666666667,0.5904166666666668,8,2012,30,Thursday,0,0,0,0,0,0,1,0,0,0,0,0,0,0,1,0,0
608,2012-08-31,7350,0,0.7641666666666668,0.5874999999999998,8,2012,31,Friday,0,0,0,0,0,0,1,0,0,0,0,0,0,0,0,0,0
609,2012-09-01,6140,0,0.7533333333333334,0.6383333333333333,9,2012,1,Saturday,0,0,0,0,0,0,0,1,0,0,0,0,1,0,0,0,0
610,2012-09-02,5810,0,0.6966666666666667,0.815,9,2012,2,Sunday,0,0,0,0,0,0,0,1,0,0,0,0,0,1,0,0,0
611,2012-09-03,6034,1,0.7075000000000001,0.7908333333333332,9,2012,3,Monday,0,0,0,0,0,0,0,1,0,0,0,1,0,0,0,0,0
612,2012-09-04,6864,0,0.7258333333333332,0.7549999999999998,9,2012,4,Tuesday,0,0,0,0,0,0,0,1,0,0,0,0,0,0,0,1,0
613,2012-09-05,7112,0,0.7366666666666667,0.7412499999999999,9,2012,5,Wednesday,0,0,0,0,0,0,0,1,0,0,0,0,0,0,0,0,1
614,2012-09-06,6203,0,0.6966666666666669,0.8104166666666667,9,2012,6,Thursday,0,0,0,0,0,0,0,1,0,0,0,0,0,0,1,0,0
615,2012-09-07,7504,0,0.7033333333333335,0.73625,9,2012,7,Friday,0,0,0,0,0,0,0,1,0,0,0,0,0,0,0,0,0
616,2012-09-08,5976,0,0.6591666666666668,0.7991666666666667,9,2012,8,Saturday,0,0,0,0,0,0,0,1,0,0,0,0,1,0,0,0,0
617,2012-09-09,8227,0,0.61,0.5475,9,2012,9,Sunday,0,0,0,0,0,0,0,1,0,0,0,0,0,1,0,0,0
618,2012-09-10,7525,0,0.5833333333333331,0.50375,9,2012,10,Monday,0,0,0,0,0,0,0,1,0,0,0,1,0,0,0,0,0
619,2012-09-11,7767,0,0.5775,0.5199999999999999,9,2012,11,Tuesday,0,0,0,0,0,0,0,1,0,0,0,0,0,0,0,1,0
620,2012-09-12,7870,0,0.5991666666666667,0.5770833333333332,9,2012,12,Wednesday,0,0,0,0,0,0,0,1,0,0,0,0,0,0,0,0,1
621,2012-09-13,7804,0,0.6125,0.6370833333333333,9,2012,13,Thursday,0,0,0,0,0,0,0,1,0,0,0,0,0,0,1,0,0
622,2012-09-14,8009,0,0.6333333333333334,0.6724999999999999,9,2012,14,Friday,0,0,0,0,0,0,0,1,0,0,0,0,0,0,0,0,0
623,2012-09-15,8714,0,0.6083333333333333,0.5016666666666666,9,2012,15,Saturday,0,0,0,0,0,0,0,1,0,0,0,0,1,0,0,0,0
624,2012-09-16,7333,0,0.58,0.57,9,2012,16,Sunday,0,0,0,0,0,0,0,1,0,0,0,0,0,1,0,0,0
625,2012-09-17,6869,0,0.5808333333333332,0.7345833333333335,9,2012,17,Monday,0,0,0,0,0,0,0,1,0,0,0,1,0,0,0,0,0
626,2012-09-18,4073,0,0.6233333333333332,0.8724999999999996,9,2012,18,Tuesday,0,0,0,0,0,0,0,1,0,0,0,0,0,0,0,1,0
627,2012-09-19,7591,0,0.5524999999999999,0.5366666666666667,9,2012,19,Wednesday,0,0,0,0,0,0,0,1,0,0,0,0,0,0,0,0,1
628,2012-09-20,7720,0,0.5466666666666667,0.6183333333333335,9,2012,20,Thursday,0,0,0,0,0,0,0,1,0,0,0,0,0,0,1,0,0
629,2012-09-21,8167,0,0.5991666666666665,0.6687499999999998,9,2012,21,Friday,0,0,0,0,0,0,0,1,0,0,0,0,0,0,0,0,0
630,2012-09-22,8395,0,0.6499999999999999,0.6466666666666668,9,2012,22,Saturday,0,0,0,0,0,0,0,1,0,0,0,0,1,0,0,0,0
631,2012-09-23,7907,0,0.5291666666666667,0.4670833333333333,9,2012,23,Sunday,0,0,0,0,0,0,0,1,0,0,0,0,0,1,0,0,0
632,2012-09-24,7436,0,0.5141666666666667,0.49291666666666667,9,2012,24,Monday,0,0,0,0,0,0,0,1,0,0,0,1,0,0,0,0,0
633,2012-09-25,7538,0,0.5499999999999999,0.5700000000000002,9,2012,25,Tuesday,0,0,0,0,0,0,0,1,0,0,0,0,0,0,0,1,0
634,2012-09-26,7733,0,0.6349999999999999,0.6308333333333332,9,2012,26,Wednesday,0,0,0,0,0,0,0,1,0,0,0,0,0,0,0,0,1
635,2012-09-27,7393,0,0.6499999999999999,0.6908333333333333,9,2012,27,Thursday,0,0,0,0,0,0,0,1,0,0,0,0,0,0,1,0,0
636,2012-09-28,7415,0,0.6191666666666666,0.6899999999999998,9,2012,28,Friday,0,0,0,0,0,0,0,1,0,0,0,0,0,0,0,0,0
637,2012-09-29,8555,0,0.5424999999999999,0.5429166666666668,9,2012,29,Saturday,0,0,0,0,0,0,0,1,0,0,0,0,1,0,0,0,0
638,2012-09-30,6889,0,0.5266666666666666,0.5833333333333334,9,2012,30,Sunday,0,0,0,0,0,0,0,1,0,0,0,0,0,1,0,0,0
639,2012-10-01,6778,0,0.5208333333333331,0.6491666666666666,10,2012,1,Monday,0,0,0,0,0,0,0,0,1,0,0,1,0,0,0,0,0
640,2012-10-02,4639,0,0.590833333333333,0.8716666666666671,10,2012,2,Tuesday,0,0,0,0,0,0,0,0,1,0,0,0,0,0,0,1,0
641,2012-10-03,7572,0,0.6575,0.7937499999999997,10,2012,3,Wednesday,0,0,0,0,0,0,0,0,1,0,0,0,0,0,0,0,1
642,2012-10-04,7328,0,0.6575,0.7229166666666665,10,2012,4,Thursday,0,0,0,0,0,0,0,0,1,0,0,0,0,0,1,0,0
643,2012-10-05,8156,0,0.615,0.6275,10,2012,5,Friday,0,0,0,0,0,0,0,0,1,0,0,0,0,0,0,0,0
644,2012-10-06,7965,0,0.5541666666666667,0.6641666666666667,10,2012,6,Saturday,0,0,0,0,0,0,0,0,1,0,0,0,1,0,0,0,0
645,2012-10-07,3510,0,0.41583333333333344,0.7083333333333334,10,2012,7,Sunday,0,0,0,0,0,0,0,0,1,0,0,0,0,1,0,0,0
646,2012-10-08,5478,1,0.38333333333333336,0.7095833333333333,10,2012,8,Monday,0,0,0,0,0,0,0,0,1,0,0,1,0,0,0,0,0
647,2012-10-09,6392,0,0.4466666666666667,0.7616666666666667,10,2012,9,Tuesday,0,0,0,0,0,0,0,0,1,0,0,0,0,0,0,1,0
648,2012-10-10,7691,0,0.5141666666666667,0.6308333333333335,10,2012,10,Wednesday,0,0,0,0,0,0,0,0,1,0,0,0,0,0,0,0,1
649,2012-10-11,7570,0,0.435,0.4633333333333333,10,2012,11,Thursday,0,0,0,0,0,0,0,0,1,0,0,0,0,0,1,0,0
650,2012-10-12,7282,0,0.4375,0.5391666666666668,10,2012,12,Friday,0,0,0,0,0,0,0,0,1,0,0,0,0,0,0,0,0
651,2012-10-13,7109,0,0.39333333333333337,0.4945833333333333,10,2012,13,Saturday,0,0,0,0,0,0,0,0,1,0,0,0,1,0,0,0,0
652,2012-10-14,6639,0,0.5216666666666667,0.6404166666666669,10,2012,14,Sunday,0,0,0,0,0,0,0,0,1,0,0,0,0,1,0,0,0
653,2012-10-15,5875,0,0.5616666666666665,0.7075,10,2012,15,Monday,0,0,0,0,0,0,0,0,1,0,0,1,0,0,0,0,0
654,2012-10-16,7534,0,0.46833333333333343,0.5583333333333336,10,2012,16,Tuesday,0,0,0,0,0,0,0,0,1,0,0,0,0,0,0,1,0
655,2012-10-17,7461,0,0.45583333333333337,0.6929166666666667,10,2012,17,Wednesday,0,0,0,0,0,0,0,0,1,0,0,0,0,0,0,0,1
656,2012-10-18,7509,0,0.5225,0.7283333333333332,10,2012,18,Thursday,0,0,0,0,0,0,0,0,1,0,0,0,0,0,1,0,0
657,2012-10-19,5424,0,0.5633333333333334,0.8149999999999998,10,2012,19,Friday,0,0,0,0,0,0,0,0,1,0,0,0,0,0,0,0,0
658,2012-10-20,8090,0,0.4841666666666667,0.5729166666666666,10,2012,20,Saturday,0,0,0,0,0,0,0,0,1,0,0,0,1,0,0,0,0
659,2012-10-21,6824,0,0.46416666666666667,0.5099999999999999,10,2012,21,Sunday,0,0,0,0,0,0,0,0,1,0,0,0,0,1,0,0,0
660,2012-10-22,7058,0,0.4875,0.5683333333333332,10,2012,22,Monday,0,0,0,0,0,0,0,0,1,0,0,1,0,0,0,0,0
661,2012-10-23,7466,0,0.5441666666666666,0.6416666666666666,10,2012,23,Tuesday,0,0,0,0,0,0,0,0,1,0,0,0,0,0,0,1,0
662,2012-10-24,7693,0,0.5874999999999999,0.63625,10,2012,24,Wednesday,0,0,0,0,0,0,0,0,1,0,0,0,0,0,0,0,1
663,2012-10-25,7359,0,0.5499999999999998,0.8004166666666664,10,2012,25,Thursday,0,0,0,0,0,0,0,0,1,0,0,0,0,0,1,0,0
664,2012-10-26,7444,0,0.5458333333333333,0.807083333333333,10,2012,26,Friday,0,0,0,0,0,0,0,0,1,0,0,0,0,0,0,0,0
665,2012-10-27,7852,0,0.5299999999999999,0.7200000000000002,10,2012,27,Saturday,0,0,0,0,0,0,0,0,1,0,0,0,1,0,0,0,0
666,2012-10-28,4459,0,0.47750000000000004,0.6945833333333332,10,2012,28,Sunday,0,0,0,0,0,0,0,0,1,0,0,0,0,1,0,0,0
667,2012-10-29,22,0,0.44,0.88,10,2012,29,Monday,0,0,0,0,0,0,0,0,1,0,0,1,0,0,0,0,0
668,2012-10-30,1096,0,0.3181818181818181,0.8254545454545454,10,2012,30,Tuesday,0,0,0,0,0,0,0,0,1,0,0,0,0,0,0,1,0
669,2012-10-31,5566,0,0.3575,0.6666666666666666,10,2012,31,Wednesday,0,0,0,0,0,0,0,0,1,0,0,0,0,0,0,0,1
670,2012-11-01,5986,0,0.3658333333333334,0.5816666666666666,11,2012,1,Thursday,0,0,0,0,0,0,0,0,0,1,0,0,0,0,1,0,0
671,2012-11-02,5847,0,0.35500000000000004,0.5220833333333336,11,2012,2,Friday,0,0,0,0,0,0,0,0,0,1,0,0,0,0,0,0,0
672,2012-11-03,5138,0,0.34333333333333343,0.49125000000000013,11,2012,3,Saturday,0,0,0,0,0,0,0,0,0,1,0,0,1,0,0,0,0
673,2012-11-04,5107,0,0.32583333333333336,0.5329166666666667,11,2012,4,Sunday,0,0,0,0,0,0,0,0,0,1,0,0,0,1,0,0,0
674,2012-11-05,5259,0,0.31916666666666665,0.49416666666666687,11,2012,5,Monday,0,0,0,0,0,0,0,0,0,1,0,1,0,0,0,0,0
675,2012-11-06,5686,0,0.2808333333333333,0.5670833333333335,11,2012,6,Tuesday,0,0,0,0,0,0,0,0,0,1,0,0,0,0,0,1,0
676,2012-11-07,5035,0,0.2958333333333334,0.5475,11,2012,7,Wednesday,0,0,0,0,0,0,0,0,0,1,0,0,0,0,0,0,1
677,2012-11-08,5315,0,0.35217391304347834,0.33347826086956517,11,2012,8,Thursday,0,0,0,0,0,0,0,0,0,1,0,0,0,0,1,0,0
678,2012-11-09,5992,0,0.36166666666666664,0.5408333333333333,11,2012,9,Friday,0,0,0,0,0,0,0,0,0,1,0,0,0,0,0,0,0
679,2012-11-10,6536,0,0.3891666666666667,0.6454166666666666,11,2012,10,Saturday,0,0,0,0,0,0,0,0,0,1,0,0,1,0,0,0,0
680,2012-11-11,6852,0,0.4208333333333332,0.6591666666666666,11,2012,11,Sunday,0,0,0,0,0,0,0,0,0,1,0,0,0,1,0,0,0
681,2012-11-12,6269,1,0.4849999999999999,0.7416666666666667,11,2012,12,Monday,0,0,0,0,0,0,0,0,0,1,0,1,0,0,0,0,0
682,2012-11-13,4094,0,0.34333333333333327,0.6629166666666667,11,2012,13,Tuesday,0,0,0,0,0,0,0,0,0,1,0,0,0,0,0,1,0
683,2012-11-14,5495,0,0.2891666666666666,0.5520833333333333,11,2012,14,Wednesday,0,0,0,0,0,0,0,0,0,1,0,0,0,0,0,0,1
684,2012-11-15,5445,0,0.3216666666666667,0.6204166666666666,11,2012,15,Thursday,0,0,0,0,0,0,0,0,0,1,0,0,0,0,1,0,0
685,2012-11-16,5698,0,0.345,0.5245833333333334,11,2012,16,Friday,0,0,0,0,0,0,0,0,0,1,0,0,0,0,0,0,0
686,2012-11-17,5629,0,0.325,0.5454166666666668,11,2012,17,Saturday,0,0,0,0,0,0,0,0,0,1,0,0,1,0,0,0,0
687,2012-11-18,4669,0,0.3425000000000001,0.6929166666666665,11,2012,18,Sunday,0,0,0,0,0,0,0,0,0,1,0,0,0,1,0,0,0
688,2012-11-19,5499,0,0.3808333333333334,0.6233333333333334,11,2012,19,Monday,0,0,0,0,0,0,0,0,0,1,0,1,0,0,0,0,0
689,2012-11-20,5634,0,0.3741666666666667,0.685,11,2012,20,Tuesday,0,0,0,0,0,0,0,0,0,1,0,0,0,0,0,1,0
690,2012-11-21,5146,0,0.35333333333333344,0.6137499999999999,11,2012,21,Wednesday,0,0,0,0,0,0,0,0,0,1,0,0,0,0,0,0,1
691,2012-11-22,2425,1,0.34,0.5804166666666665,11,2012,22,Thursday,0,0,0,0,0,0,0,0,0,1,0,0,0,0,1,0,0
692,2012-11-23,3910,0,0.36833333333333335,0.5687500000000002,11,2012,23,Friday,0,0,0,0,0,0,0,0,0,1,0,0,0,0,0,0,0
693,2012-11-24,2277,0,0.2783333333333334,0.40458333333333335,11,2012,24,Saturday,0,0,0,0,0,0,0,0,0,1,0,0,1,0,0,0,0
694,2012-11-25,2424,0,0.24583333333333326,0.46833333333333327,11,2012,25,Sunday,0,0,0,0,0,0,0,0,0,1,0,0,0,1,0,0,0
695,2012-11-26,5087,0,0.31333333333333335,0.5354166666666668,11,2012,26,Monday,0,0,0,0,0,0,0,0,0,1,0,1,0,0,0,0,0
696,2012-11-27,3959,0,0.29166666666666663,0.7866666666666665,11,2012,27,Tuesday,0,0,0,0,0,0,0,0,0,1,0,0,0,0,0,1,0
697,2012-11-28,5260,0,0.2966666666666667,0.50625,11,2012,28,Wednesday,0,0,0,0,0,0,0,0,0,1,0,0,0,0,0,0,1
698,2012-11-29,5323,0,0.28086956521739126,0.5556521739130436,11,2012,29,Thursday,0,0,0,0,0,0,0,0,0,1,0,0,0,0,1,0,0
699,2012-11-30,5668,0,0.29833333333333334,0.6495833333333334,11,2012,30,Friday,0,0,0,0,0,0,0,0,0,1,0,0,0,0,0,0,0
700,2012-12-01,5191,0,0.29833333333333334,0.8066666666666666,12,2012,1,Saturday,0,0,0,0,0,0,0,0,0,0,1,0,1,0,0,0,0
701,2012-12-02,4649,0,0.34750000000000014,0.8233333333333333,12,2012,2,Sunday,0,0,0,0,0,0,0,0,0,0,1,0,0,1,0,0,0
702,2012-12-03,6234,0,0.4524999999999999,0.7675,12,2012,3,Monday,0,0,0,0,0,0,0,0,0,0,1,1,0,0,0,0,0
703,2012-12-04,6606,0,0.47583333333333333,0.7337500000000001,12,2012,4,Tuesday,0,0,0,0,0,0,0,0,0,0,1,0,0,0,0,1,0
704,2012-12-05,5729,0,0.43833333333333346,0.48500000000000004,12,2012,5,Wednesday,0,0,0,0,0,0,0,0,0,0,1,0,0,0,0,0,1
705,2012-12-06,5375,0,0.2558333333333334,0.5087499999999999,12,2012,6,Thursday,0,0,0,0,0,0,0,0,0,0,1,0,0,0,1,0,0
706,2012-12-07,5008,0,0.32083333333333336,0.7641666666666667,12,2012,7,Friday,0,0,0,0,0,0,0,0,0,0,1,0,0,0,0,0,0
707,2012-12-08,5582,0,0.38166666666666677,0.91125,12,2012,8,Saturday,0,0,0,0,0,0,0,0,0,0,1,0,1,0,0,0,0
708,2012-12-09,3228,0,0.3841666666666666,0.9054166666666665,12,2012,9,Sunday,0,0,0,0,0,0,0,0,0,0,1,0,0,1,0,0,0
709,2012-12-10,5170,0,0.43583333333333346,0.9249999999999998,12,2012,10,Monday,0,0,0,0,0,0,0,0,0,0,1,1,0,0,0,0,0
710,2012-12-11,5501,0,0.35333333333333344,0.5966666666666666,12,2012,11,Tuesday,0,0,0,0,0,0,0,0,0,0,1,0,0,0,0,1,0
711,2012-12-12,5319,0,0.2975,0.5383333333333334,12,2012,12,Wednesday,0,0,0,0,0,0,0,0,0,0,1,0,0,0,0,0,1
712,2012-12-13,5532,0,0.29583333333333334,0.4858333333333333,12,2012,13,Thursday,0,0,0,0,0,0,0,0,0,0,1,0,0,0,1,0,0
713,2012-12-14,5611,0,0.2816666666666667,0.6429166666666667,12,2012,14,Friday,0,0,0,0,0,0,0,0,0,0,1,0,0,0,0,0,0
714,2012-12-15,5047,0,0.3241666666666667,0.6504166666666665,12,2012,15,Saturday,0,0,0,0,0,0,0,0,0,0,1,0,1,0,0,0,0
715,2012-12-16,3786,0,0.3625,0.83875,12,2012,16,Sunday,0,0,0,0,0,0,0,0,0,0,1,0,0,1,0,0,0
716,2012-12-17,4585,0,0.39333333333333337,0.9070833333333334,12,2012,17,Monday,0,0,0,0,0,0,0,0,0,0,1,1,0,0,0,0,0
717,2012-12-18,5557,0,0.4108333333333334,0.6662500000000001,12,2012,18,Tuesday,0,0,0,0,0,0,0,0,0,0,1,0,0,0,0,1,0
718,2012-12-19,5267,0,0.3325,0.6254166666666666,12,2012,19,Wednesday,0,0,0,0,0,0,0,0,0,0,1,0,0,0,0,0,1
719,2012-12-20,4128,0,0.32999999999999996,0.6679166666666666,12,2012,20,Thursday,0,0,0,0,0,0,0,0,0,0,1,0,0,0,1,0,0
720,2012-12-21,3623,0,0.32666666666666666,0.5566666666666668,12,2012,21,Friday,0,0,0,0,0,0,0,0,0,0,1,0,0,0,0,0,0
721,2012-12-22,1749,0,0.2658333333333333,0.4412500000000001,12,2012,22,Saturday,0,0,0,0,0,0,0,0,0,0,1,0,1,0,0,0,0
722,2012-12-23,1787,0,0.24583333333333326,0.5154166666666665,12,2012,23,Sunday,0,0,0,0,0,0,0,0,0,0,1,0,0,1,0,0,0
723,2012-12-24,920,0,0.23130434782608705,0.7913043478260867,12,2012,24,Monday,0,0,0,0,0,0,0,0,0,0,1,1,0,0,0,0,0
724,2012-12-25,1013,1,0.291304347826087,0.7347826086956522,12,2012,25,Tuesday,0,0,0,0,0,0,0,0,0,0,1,0,0,0,0,1,0
725,2012-12-26,441,0,0.24333333333333337,0.8233333333333333,12,2012,26,Wednesday,0,0,0,0,0,0,0,0,0,0,1,0,0,0,0,0,1
726,2012-12-27,2114,0,0.2541666666666667,0.6529166666666667,12,2012,27,Thursday,0,0,0,0,0,0,0,0,0,0,1,0,0,0,1,0,0
727,2012-12-28,3095,0,0.25333333333333335,0.59,12,2012,28,Friday,0,0,0,0,0,0,0,0,0,0,1,0,0,0,0,0,0
728,2012-12-29,1341,0,0.2533333333333333,0.7529166666666667,12,2012,29,Saturday,0,0,0,0,0,0,0,0,0,0,1,0,1,0,0,0,0
729,2012-12-30,1796,0,0.25583333333333336,0.4833333333333334,12,2012,30,Sunday,0,0,0,0,0,0,0,0,0,0,1,0,0,1,0,0,0
730,2012-12-31,2729,0,0.2158333333333333,0.5775,12,2012,31,Monday,0,0,0,0,0,0,0,0,0,0,1,1,0,0,0,0,0
